id,level,word,meaning_en,meaning_tr,meaning_es,meaning_ar,full_entry,article,pos,plural,forms,examples,page
a1_0001,A1,aber,but,Ancak,pero,لكن,aber,,conjunction,,,"Ich bin oft im Büro, aber nur für wenige Stunden.",9
a1_0002,A1,abfahren,depart,ayrılmak,salir,مغادرة,abfahren,,verb,,,Wir fahren um zwölf Uhr ab.,9
a1_0003,A1,die Abfahrt,the farewell,veda,la despedida,الوداع,die Abfahrt,die,noun,,,Vor der Abfahrt rufe ich an.,9
a1_0004,A1,abgeben,hand over,devretmek,Entregar,تسليم,abgeben,,verb,,,Ich muss meine Schlüssel abgeben.,9
a1_0005,A1,abholen,pick up,toplamak,levantar,يلتقط,abholen,,verb,,,Wann kann ich den Schrank bei dir abholen? || Wir müssen noch meinen Bruder abholen.,9
a1_0006,A1,der Absender,the sender,gönderen,el remitente,المرسل,der Absender,der,noun,,,Da ist ein Brief für dich ohne Absender.,9
a1_0007,A1,Achtung,Danger,Tehlike,Peligro,خطر,Achtung,,noun,,,Achtung! || Das dürfen Sie nicht tun.,9
a1_0008,A1,"die Adresse,-en","the address,-s","die Adresse,-en","la dirección,-s",العنوان، -s,"die Adresse,-en",die,noun,-en,,Können Sie mir seine Adresse sagen?,9
a1_0009,A1,all-,all-,Tümü-,todo-,الجميع-,all-,,word,,,Alles Gute! || Das ist alles. || Sind alle da? || Alle Freunde kommen. || Hast du alles?,9
a1_0010,A1,allein,alone,yalnız,solo,وحيد,allein,,word,,,Er kommt allein.,9
a1_0011,A1,also,so,Bu yüzden,entonces,لذا,also,,word,,,"Also, es ist so: ... || Er hat Zeit, also muss er uns helfen.",9
a1_0012,A1,alt,old,eskimiş,viejo,قديم,alt,,word,,,Wie alt sind Sie? || Sie sehen aber nicht so alt aus. || Mein Auto ist schon sehr alt. || Wir wohnen in einem sehr alten Haus. || Köln ist eine alte Stadt.,9
a1_0013,A1,das Alter,the age,yaş,la edad,العمر,das Alter,das,noun,,,Alter: 26 Jahre.,9
a1_0014,A1,an,to,ile,a,ل,an,,preposition,,,Fahren Sie an der nächsten Straße nach rechts. || Wir treffen uns am Bahnhof. || Am nächsten Montag geht es leider nicht.,9
a1_0015,A1,anbieten,offer,teklif,oferta,يعرض,anbieten,,verb,,,Was darf ich dir anbieten?,9
a1_0016,A1,"das Angebot, -e","the offer, -e","teklif, -e","la oferta, -e",العرض، -ه,"das Angebot, -e",das,noun,-e,,Heute sind Sportschuhe im Angebot.,9
a1_0017,A1,ander-,at the-,en...,al-,في-,ander-,,word,,,"WiIlst du diese Jacke? || – Nein, ich möchte die andere.",9
a1_0018,A1,anfangen,begin,başlamak,comenzar,يبدأ,anfangen,,verb,,,Hier fängt die Bahnhofstraße an. || Der Unterricht fängt gleich an.,9
a1_0019,A1,der Anfang,the beginning,başlangıç,el comienzo,البداية,der Anfang,der,noun,,,Sie wohnt am Anfang der Straße. || Wir machen Anfang Juli Urlaub.,9
a1_0020,A1,anklicken,click,tıklamak,hacer clic,انقر,anklicken,,verb,,,Da musst du dieses Wort anklicken.,9
a1_0021,A1,ankommen,arrive,varmak,llegar,يصل,ankommen,,verb,,,Wann kommt dieser Zug in Hamburg an?,9
a1_0022,A1,die Ankunft,the arrival,varış,La llegada,الوصول,die Ankunft,die,noun,,,Auf diesem Plan steht nur die Ankunft(-szeit) der Züge.,9
a1_0023,A1,ankreuzen,tick,kene,garrapata,علامة,ankreuzen,,verb,,,Auf dem Formular müssen Sie an mehreren Stellen etwas ankreuzen.,9
a1_0024,A1,anmachen,turn on,aç,encender,تشغيل,anmachen,,verb,,,Mach bitte das Licht an!,9
a1_0025,A1,(sich) anmelden,(Sign in,(Oturum açın,(Iniciar sesión,(تسجيل الدخول,(sich) anmelden,,verb,,,Wo kann ich mich anmelden?,9
a1_0026,A1,die Anmeldung,the registration,kayıt,el registro,التسجيل,die Anmeldung,die,noun,,,Eine Anmeldung für diesen Kurs ist nicht mehr möglich.,9
a1_0027,A1,die Anrede,die Anrede,selamlama,el saludo,التحية,die Anrede,die,noun,,,Schreiben Sie auch eine Anrede und einen Gruß.,9
a1_0028,A1,anrufen,call,Arama,llamar,يتصل,anrufen,,verb,,,Kann man Sie anrufen? || Peter ruft kurz seine Freundin an.,9
a1_0029,A1,"der Anruf, -e","the call, -e","çağrı, -e","la llamada, -e",المكالمة، -ه,"der Anruf, -e",der,noun,-e,,Sie bekommt viele Anrufe auf ihrem Handy.,9
a1_0030,A1,der Anruf-,the call,çağrı,la llamada,المكالمة,der Anruf-,der,noun,,,Wir sind im Moment nicht da. || Sprechen Sie bitte auf,9
a1_0031,A1,beantworter,answerer,cevaplayıcı,fiador,المجيب,beantworter,,word,,,den Anrufbeantworter.,9
a1_0032,A1,213082_20_SV,213082_20_SV,213082_20_SV,213082_20_SV,213082_20_SV,213082_20_SV,,other,,,,9
a1_0033,A1,"die Ansage, -n","the announcement, -n","duyuru, -n","el anuncio, -n",الإعلان، -ن,"die Ansage, -n",die,noun,-n,,Hören Sie die Ansagen.,10
a1_0034,A1,der Anschluss,the connection,bağlantı,la conexión,الاتصال,der Anschluss,der,noun,,,In Mannheim haben Sie Anschluss nach Saarbrücken. || Ist das die Anmeldung für einen Telefonanschluss?,10
a1_0035,A1,an sein,be on,açık olmak,estar encendido,يكون على,an sein,,preposition,,,Heute Nacht war das Licht an.,10
a1_0036,A1,antworten,answer,cevap,respuesta,إجابة,antworten,,verb,,,Er antwortet nicht.,10
a1_0037,A1,"die Antwort, -en",the answers,cevaplar,las respuestas,الإجابات,"die Antwort, -en",die,noun,-en,,Er gibt leider keine Antwort.,10
a1_0038,A1,"die Anzeige, -n","the ad, -n","reklam, -n","el anuncio, -n",الإعلان، -ن,"die Anzeige, -n",die,noun,-n,,Ich habe Ihre Anzeige in der Zeitung gelesen.,10
a1_0039,A1,(sich) anziehen,(to get dressed,(giyinmek için,(vestirse,(لارتداء ملابسه,(sich) anziehen,,verb,,,Ich muss mich noch anziehen.,10
a1_0040,A1,"das Apartment, -s","the apartment, -s","daire, -s","el apartamento, -s",الشقة -س,"das Apartment, -s",das,noun,-s,,Wir haben ein Apartment gemietet.,10
a1_0041,A1,"der Apfel, -Ä","the apple, -Ä","elma, -Ä","la manzana, -Ä",التفاحة، -أ,"der Apfel, -Ä",der,noun,-Ä,,Ein Pfund Äpfel bitte.,10
a1_0042,A1,der Appetit,the appetite,iştah,el apetito,الشهية,der Appetit,der,noun,,,Guten Appetit!,10
a1_0043,A1,arbeiten,work,iş,trabajar,عمل,arbeiten,,verb,,,Wo arbeiten Sie?,10
a1_0044,A1,"die Arbeit, -en","the work, -en","iş, -tr","el trabajo, -es",العمل، -en,"die Arbeit, -en",die,noun,-en,,Mein Bruder sucht Arbeit.,10
a1_0045,A1,arbeitslos,unemployed,arbeitslos,desempleados,غير موظف,arbeitslos,,word,,,"Es gibt bei uns viele Leute, die schon lange arbeitslos sind.",10
a1_0046,A1,"der Arbeitsplatz, -ä,","the workplace, etc",işyeri vb.,"el lugar de trabajo, etc.",مكان العمل، الخ,"der Arbeitsplatz, -ä,",der,noun,"-ä,",,e An meinem Arbeitsplatz fehlt ein Drucker.,10
a1_0047,A1,"der Arm, -e",the poor,fakir,los pobres,الفقراء,"der Arm, -e",der,noun,-e,,Mein Arm tut weh.,10
a1_0048,A1,"der Arzt, -Ä, e","the doctor, -Ä, e","doktor, -Ä, e","el doctor, -Ä, e",الطبيب، -أ،ه,"der Arzt, -Ä, e",der,noun,"-Ä, e",,Morgen habe ich einen Termin bei meiner Ärztin.,10
a1_0049,A1,auch,also,Ayrıca,también,أيضًا,auch,,word,,,Ich bin auch Spanier.,10
a1_0050,A1,auf,on,Açık,en,على,auf,,preposition,,,Die Kinder spielen auf der Straße. || Auf Wiedersehen. || Wie heißt das auf Deutsch?,10
a1_0051,A1,"die Aufgabe, -n","the task, -n","görev, -n","la tarea, -n",المهمة، -ن,"die Aufgabe, -n",die,noun,-n,,Das ist eine schwere Aufgabe.,10
a1_0052,A1,aufhören,stop,durmak,detener,قف,aufhören,,verb,,,Der Kurs hört in einer Woche auf. || Hier hört die Bahnhofstraße auf.,10
a1_0053,A1,auf sein,to be up,uyanık olmak,estar arriba,ليكون يصل,auf sein,,preposition,,,Du brauchst den Schlüssel nicht. || Die Wohnung ist auf.,10
a1_0054,A1,aufstehen,stand up,ayağa kalk,ponerse de pie,الوقوف,aufstehen,,verb,,,Ich muss immer um vier Uhr aufstehen. || Soll ich aufstehen?,10
a1_0055,A1,"der Aufzug, -ü, e","the elevator, -ü, e","asansör, -ü, e","el ascensor, -ü, e",المصعد، -ü، ه,"der Aufzug, -ü, e",der,noun,"-ü, e",,In diesem Haus gibt es keinen Aufzug.,10
a1_0056,A1,"das Auge, -n","the eye, -n","göz, ​​-n","el ojo, -n",العين، -ن,"das Auge, -n",das,noun,-n,,Er hat blaue Augen.,10
a1_0057,A1,aus,out of,dışında,fuera de,خارج,aus,,preposition,,,Er kommt aus Brasilien.,10
a1_0058,A1,der Ausflug,the excursion,gezi,la excursión,الرحلة,der Ausflug,der,noun,,,Morgen machen wir einen Ausflug nach Heidelberg.,10
a1_0059,A1,ausfüllen,fill out,doldur,llenar,املأ,ausfüllen,,verb,,,Füllen Sie bitte dieses Formular aus.,10
a1_0060,A1,der Ausgang,the exit,çıkış,la salida,الخروج,der Ausgang,der,noun,,,Wo ist der Ausgang?,10
a1_0061,A1,"die Auskunft, -ü, e","the information, -ü, e","bilgi, -ü, e","la información, -ü, e",المعلومات، -ü، ه,"die Auskunft, -ü, e",die,noun,"-ü, e",,Können Sie mir eine Auskunft geben?,10
a1_0062,A1,das Ausland,the foreign country,yabancı ülke,el pais extranjero,البلد الاجنبي,das Ausland,das,noun,,,Fahren Sie ins Ausland?,10
a1_0063,A1,"der Ausländer, -","the foreigner, -","yabancı, -","el extranjero, -",الأجنبي،-,"der Ausländer, -",der,noun,-,,SInd Sie Ausländerin?,10
a1_0064,A1,ausländisch,foreign,yabancı,extranjero,أجنبي,ausländisch,,adjective,,,Leider habe ich nur ausländisches Geld.,10
a1_0065,A1,ausmachen,turn off,kapamak,apagar,إيقاف,ausmachen,,verb,,,Mach bitte das Licht aus!,10
a1_0066,A1,"die Aussage, -n","the statement, -n","ifade, -n","la declaración, -n",البيان، -ن,"die Aussage, -n",die,noun,-n,,Ist die Aussage richtig oder falsch?,10
a1_0067,A1,aussehen,look,Bakmak,mirar,ينظر,aussehen,,verb,,,Das sieht schön aus.,10
a1_0068,A1,aus sein,be off,kapalı olmak,estar fuera,يكون خارج,aus sein,,preposition,,,Das Licht ist aus. || Die Schule ist aus.,10
a1_0069,A1,aussteigen,exit,çıkış,salida,مخرج,aussteigen,,verb,,,Wo muss ich aussteigen?,10
a1_0070,A1,der Ausweis,the ID card,kimlik kartı,la tarjeta de identificación,بطاقة الهوية,der Ausweis,der,noun,,,Hier ist mein Ausweis.,10
a1_0071,A1,(sich) ausziehen,(undress,(soyunmak,(desnudo,(خلع ملابسه,(sich) ausziehen,,verb,,,"Zieh die Schuhe aus, bitte!",10
a1_0072,A1,"das Auto, -s","the car, -s","araba, -s","el auto, -s",السيارة -س,"das Auto, -s",das,noun,-s,,Er kommt mit dem Auto.,10
a1_0073,A1,"die Autobahn, -en","the highway, -en","otoyol, -tr","la carretera, -es",الطريق السريع، -en,"die Autobahn, -en",die,noun,-en,,Wo geht‘s hier bitte zur Autobahn?,10
a1_0074,A1,der Automat,the machine,makine,la maquina,الآلة,der Automat,der,noun,,,Die Fahrkarten gibt es nur am Automaten.,10
a1_0075,A1,automatisch,automatically,otomatik olarak,automáticamente,تلقائيا,automatisch,,adjective,,,Du musst nichts machen. || Das geht automatisch.,10
a1_0076,A1,213082_20_SV,213082_20_SV,213082_20_SV,213082_20_SV,213082_20_SV,213082_20_SV,,other,,,,10
a1_0077,A1,"das Baby, -s","the baby, -s","bebek, -s","el bebe, -s",الطفل، -س,"das Baby, -s",das,noun,-s,,Mein Kind ist noch ein Baby.,11
a1_0078,A1,die Bäckerei,the bakery,fırın,la panadería,المخبز,die Bäckerei,die,noun,,,Ich geh mal schnell zur Bäckerei.,11
a1_0079,A1,das Bad,the bathroom,banyo,el baño,الحمام,das Bad,das,noun,,,Wir haben kein großes Bad.,11
a1_0080,A1,baden,bathe,yıkanmak,bañarse,يستحم,baden,,verb,,,"Ich bade nicht so gern, ich dusche lieber.",11
a1_0081,A1,die Bahn,the train,tren,el tren,القطار,die Bahn,die,noun,,,Wir fahren lieber mit der Bahn. || Ich nehme die nächste Bahn.,11
a1_0082,A1,der Bahnhof,the station,istasyon,la estacion,المحطة,der Bahnhof,der,noun,,,Komme ich hier zum Bahnhof?,11
a1_0083,A1,der Bahnsteig,the platform,platform,la plataforma,المنصة,der Bahnsteig,der,noun,,,Auf welchem Bahnsteig fährt der Zug?,11
a1_0084,A1,bald,soon,yakında,pronto,قريباً,bald,,adverb,,,Ich komme bald.,11
a1_0085,A1,der Balkon,the balcony,balkon,el balcon,الشرفة,der Balkon,der,noun,,,Die Wohnung hat auch einen kleinen Balkon.,11
a1_0086,A1,"die Banane, -n","the banana, -n","muz, -n","el plátano, -n",الموز، -ن,"die Banane, -n",die,noun,-n,,"Drei Bananen, bitte!",11
a1_0087,A1,die Bank,the Bank,Banka,el banco,البنك,die Bank,die,noun,,,Die Bank schließt schon um vier Uhr. || Er sitzt im Park auf einer Bank und liest.,11
a1_0088,A1,bar,bear,ayı,oso,دُبٌّ,bar,,adjective,,,Muss ich bar zahlen oder geht‘s auch mit Karte?,11
a1_0089,A1,der Bauch,the stomach,mide,el estomago,المعدة,der Bauch,der,noun,,,Seit gestern tut mir der Bauch weh.,11
a1_0090,A1,"der Baum, -ä, e","the tree, -ä, e","ağaç, -ä, e","el árbol, -ä, e",الشجرة، -أ، ه,"der Baum, -ä, e",der,noun,"-ä, e",,"Vorsicht, fahr nicht an den Baum!",11
a1_0091,A1,"der Beamte, -n","the official, -n","resmi, -n","el funcionario, -n",المسؤول -ن,"der Beamte, -n",der,noun,-n,,Fragen Sie die Beamtin an Schalter acht!,11
a1_0092,A1,bedeuten,mean,Anlam,significar,يقصد,bedeuten,,verb,,,Was bedeutet das Wort?,11
a1_0093,A1,beginnen,start,başlangıç,comenzar,يبدأ,beginnen,,verb,,,Das Spiel beginnt um 15.30 Uhr.,11
a1_0094,A1,bei,at,en,en,في,bei,,preposition,,,Offenbach liegt bei Frankfurt. || Ich wohne bei meinen Eltern. || Bei uns regnet es heute. || Er arbeitet bei der Polizei.,11
a1_0095,A1,beide,both,ikisi birden,ambos,كلاهما,beide,,word,,,Beide Eltern arbeiten. || Wir kommen beide.,11
a1_0096,A1,"das Bein, -e","the leg, -e","bacak, -e","la pierna, -e",الساق، -ه,"das Bein, -e",das,noun,-e,,Mein rechtes Bein tut weh.,11
a1_0097,A1,"das Beispiel, -e","the example, -e","örnek, -e","el ejemplo, -e",المثال، -ه,"das Beispiel, -e",das,noun,-e,,Kannst du mir ein Beispiel sagen?,11
a1_0098,A1,zum Beispiel/z. B.,for example/e.g. b.,örneğin/ör. B.,por ejemplo/p.ej. b.,على سبيل المثال / على سبيل المثال ب.,zum Beispiel/z. B.,,word,,,"Viele meiner Verwandten, z. || B. meine beiden Brüder, arbeiten auch hier.",11
a1_0099,A1,bekannt,known,bilinen,conocido,معروف,bekannt,,word,,,Picasso ist sehr bekannt.,11
a1_0100,A1,"der/die Bekannte,",the acquaintance,tanıdık,el conocido,التعارف,"der/die Bekannte,",,word,,,-n Ein Bekannter von mir heißt Klaus.,11
a1_0101,A1,bekommen,receive,almak,recibir,يستلم,bekommen,,verb,,,Haben Sie meinen Brief bekommen? || Was bekommen Sie? || Dieses Medikament bekommen Sie in der Apotheke.,11
a1_0102,A1,benutzen,use,kullanmak,usar,يستخدم,benutzen,,verb,,,Die Aufzüge bitte nicht benutzen!,11
a1_0103,A1,"der Beruf, -e","the profession, -e","meslek, -e","la profesión, -e",المهنة -ه,"der Beruf, -e",der,noun,-e,,Was sind Sie von Beruf? || Was ist Ihr Beruf?,11
a1_0104,A1,besetzt,occupied,dolu,ocupado,مشغول,besetzt,,word,,,Die Nummer ist immer besetzt. || Der Platz ist besetzt.,11
a1_0105,A1,besichtigen,view,görüş,vista,منظر,besichtigen,,verb,,,Ich möchte gern den Dom besichtigen.,11
a1_0106,A1,besser,better,daha iyi,mejor,أحسن,besser,,word,,,Es geht mir schon besser.,11
a1_0107,A1,best-,best-,en iyi-,mejor-,أفضل-,best-,,word,,,Am besten treffen wir uns morgen.,11
a1_0108,A1,bestellen,order,emir,orden,طلب,bestellen,,verb,,,"Wir möchten bestellen, bitte. || Dieses Buch haben wir nicht – sollen wir es für Sie bestellen?",11
a1_0109,A1,besuchen,visit,ziyaret etmek,visita,يزور,besuchen,,verb,,,Darf ich dich besuchen?,11
a1_0110,A1,"das Bett, -en","the bed, -en","yatak, -tr",la cama,السرير، -en,"das Bett, -en",das,noun,-en,,Wir brauchen noch ein Kinderbett.,11
a1_0111,A1,bezahlen,pay,ödemek,pagar,يدفع,bezahlen,,verb,,,Wo muss ich bezahlen?,11
a1_0112,A1,das Bier,the beer,bira,la cerveza,البيرة,das Bier,das,noun,,,Noch ein Bier bitte.,11
a1_0113,A1,"das Bild, -er","the picture, -er","resim, -er","la foto, -eh",الصورة، -إيه,"das Bild, -er",das,noun,-er,,Hast du ein Bild von deinem Sohn?,11
a1_0114,A1,213082_20_SV,213082_20_SV,213082_20_SV,213082_20_SV,213082_20_SV,213082_20_SV,,other,,,,11
a1_0115,A1,billig,cheap,ucuz,barato,رخيص,billig,,adjective,,,Die Jacke kostet nur 10 Euro! || Die ist aber billig!,11
a1_0116,A1,"die Birne, -n","the pear, -n","armut, -n","la pera, -n",الكمثرى، -ن,"die Birne, -n",die,noun,-n,,"Ein Kilo Birnen, bitte!",12
a1_0117,A1,bis,until,değin,hasta,حتى,bis,,word,,,Ich fahre nur bis Stuttgart. || Ich warte bis morgen.,12
a1_0118,A1,bisschen,a little,biraz,un poco,قليلا,bisschen,,verb,,,"Ich spreche Englisch, Französisch und ein bisschen Deutsch.",12
a1_0119,A1,bitte,please,Lütfen,por favor,لو سمحت,bitte,,word,,,"Eine Tasse Kaffee, bitte! || Sprechen Sie bitte leise!",12
a1_0120,A1,"die Bitte, -n","the request, -n","istek, -n","la solicitud, -n",الطلب، -ن,"die Bitte, -n",die,noun,-n,,Ich habe noch eine Bitte.,12
a1_0121,A1,bitten,ask,sormak,preguntar,بسأل,bitten,,verb,,,Darf ich Sie um etwas bitten?,12
a1_0122,A1,bitter,bitter,acı,amargo,مر,bitter,,word,,,Der Kaffee schmeckt bitter.,12
a1_0123,A1,bleiben,remain,geriye kalmak,permanecer,يبقى,bleiben,,verb,,,Ich bleibe heute zu Hause. || Wir bleiben nur bis morgen.,12
a1_0124,A1,"der Bleistift, -e","the pencil, -e","kalem, -e","el lápiz, -e",قلم الرصاص، -ه,"der Bleistift, -e",der,noun,-e,,Hast du einen Bleistift?,12
a1_0125,A1,der Blick,the view,görünüm,la vista,المنظر,der Blick,der,noun,,,Von diesem Hotel hat man einen guten Blick auf den Rhein.,12
a1_0126,A1,"die Blume, -n","die Blume, -n","çiçek, -n","la flor, -n",الزهرة، -ن,"die Blume, -n",die,noun,-n,,Gefallen dir die Blumen?,12
a1_0127,A1,der Bogen,the bow,yay,el arco,القوس,der Bogen,der,noun,,,Schreiben Sie Ihre Lösungen bitte auf den Antwortbogen.,12
a1_0128,A1,böse,evil,fenalık,demonio,شر,böse,,word,,,Sie ist böse auf mich.,12
a1_0129,A1,brauchen,need,ihtiyaç,necesidad,يحتاج,brauchen,,verb,,,Brauchst du die Zeitung noch?,12
a1_0130,A1,breit,broad,geniş,amplio,واسع,breit,,word,,,Wie breit ist der Schrank?,12
a1_0131,A1,"der Brief, -e","the letter, -e","harf, -e","la letra, -e",الرسالة -ه,"der Brief, -e",der,noun,-e,,Haben Sie einen Brief für mich?,12
a1_0132,A1,"die Briefmarke, -n","the stamp, -n","damga, -n","el sello, -n",الختم، -ن,"die Briefmarke, -n",die,noun,-n,,Kaufst du bitte Briefmarken bei der Post.,12
a1_0133,A1,bringen,bring,getirmek,traer,يحضر,bringen,,verb,,,Bringen Sie mir bitte noch einen Kaffee! || Wir müssen ihn zum Arzt bringen.,12
a1_0134,A1,"das Brot, -e","the bread, -e","ekmek, -e","el pan, -e",الخبز، -ه,"das Brot, -e",das,noun,-e,,Haben Sie auch Weißbrot? || Nimm noch ein paar Brote für die Fahrt mit.,12
a1_0135,A1,"das Brötchen, –","the bread bun, -","ekmek çöreği, -","el bollo de pan, -",كعكة الخبز، -,"das Brötchen, –",das,noun,–,,Möchtest du Brötchen zum Frühstück?,12
a1_0136,A1,"der Bruder, -ü","the brother, -ü","erkek kardeş, -ü","el hermano, -ü",الأخ -,"der Bruder, -ü",der,noun,-ü,,Sein Bruder arbeitet auch hier.,12
a1_0137,A1,"das Buch, -ü, er","the book, -ü, he","kitap, -ü, o","el libro, -ü, él",الكتاب، -ü، هو,"das Buch, -ü, er",das,noun,"-ü, er",,Gute Bücher sind oft sehr teuer. || In diesem Wörterbuch finden Sie mehr als 20.000 Wörter.,12
a1_0138,A1,"der Buchstabe, -n","the letter, -n","harf, -n","la letra, -n",الرسالة، -ن,"der Buchstabe, -n",der,noun,-n,,Diesen Buchstaben gibt es in meiner Sprache nicht.,12
a1_0139,A1,buchstabieren,spell,hecelemek,deletrear,يتهجى,buchstabieren,,verb,,,Bitte buchstabieren Sie Ihren Namen.,12
a1_0140,A1,"der Bus, -se","the bus, -se","otobüs, -se","el autobús, -se",الحافلة، -se,"der Bus, -se",der,noun,-se,,Wann kommt der nächste Bus?,12
a1_0141,A1,die Butter,the butter,tereyağı,la mantequilla,الزبدة,die Butter,die,noun,,,Für mich bitte ein Brötchen mit Butter und Käse.,12
a1_0142,A1,c,c,C,do,ج,c,,word,,,,12
a1_0143,A1,"das Café, -s","the cafe, -s","kafe, -s","el café, -s",المقهى -س,"das Café, -s",das,noun,-s,,Sollen wir uns im Café treffen?,12
a1_0144,A1,"die CD, -s","the CD, -s","CD, -s","el CD, -s",القرص المضغوط، -s,"die CD, -s",die,noun,-s,,Bring bitte deine Lieblings-CD mit.,12
a1_0145,A1,der Chef,the boss,patron,el jefe,الرئيس,der Chef,der,noun,,,Wir haben eine neue Chefin.,12
a1_0146,A1,circa/ca.,circa/approx.,yaklaşık/yaklaşık.,alrededor/aprox.,حوالي / تقريبا.,circa/ca.,,word,,,Von Mainz nach Frankfurt sind es circa fünfzig Kilometer.,12
a1_0147,A1,"der Computer, –","the computer, -","bilgisayar, -","la computadora, -",الكمبيوتر، -,"der Computer, –",der,noun,–,,Wann bekommst du deinen neuen Computer?,12
a1_0148,A1,da,there,Orası,allá,هناك,da,,conjunction,,,Da hinten ist er ja. || Wir sprechen gerade über Paul. || Da kommt er ja gerade. || Ich nehme das da. || Ist Herr Klein schon da?,12
a1_0149,A1,"die Dame, -n","the lady, -n","bayan, -n","la dama, -n",السيدة، -ن,"die Dame, -n",die,noun,-n,,Damen (an der Toilette),12
a1_0150,A1,213082_20_SV,213082_20_SV,213082_20_SV,213082_20_SV,213082_20_SV,213082_20_SV,,other,,,Sehr geehrte Damen und Herren!,12
a1_0151,A1,daneben,next to it,onun yanında,al lado de él,بجانبه,daneben,,verb,,,Du kennst doch die Post. || Daneben ist die Bank.,13
a1_0152,A1,danken,thank,teşekkür etmek,agradecer,شكر,danken,,verb,,,Ich danke Ihnen für die Einladung.,13
a1_0153,A1,der Dank,the thanks,teşekkürler,el agradecimiento,الشكر,der Dank,der,noun,,,Vielen Dank! || Herzlichen Dank!,13
a1_0154,A1,danke,Thanks,Teşekkürler,Gracias,شكرًا,danke,,word,,,"Soll ich Ihnen helfen? || - Nein, danke!",13
a1_0155,A1,dann,then,Daha sonra,entonces,ثم,dann,,word,,,"Ich muss noch schnell zur Post, dann komme ich.",13
a1_0156,A1,das Datum,the date,tarih,la fecha,التاريخ,das Datum,das,noun,,,Bitte schreiben Sie noch das Datum auf das Formular.,13
a1_0157,A1,dauern,last,son,último,آخر,dauern,,verb,,,Wie lange dauert der Film?,13
a1_0158,A1,dein-,your-,senin-,su-,لك-,dein-,,word,,,Ist das dein Auto? || Ist das deins?,13
a1_0159,A1,denn,because,Çünkü,porque,لأن,denn,,conjunction,,,"Ich kann nicht kommen, denn ich bin krank.",13
a1_0160,A1,"der, die, das","the, the, that","o, o, o","el, el, ese",ال، ذلك,"der, die, das",,word,,,"Ich nehme das da. || Hier ist der Brief, den du suchst. || Die Fahrkarte bekommst du am Bahnhof.",13
a1_0161,A1,dich,you,Sen,tú,أنت,dich,,word,,,Die Blumen sind für dich.,13
a1_0162,A1,dies-,this-,Bu-,este-,هذا-,dies-,,word,,,Ich nehme lieber diesen Kuchen.,13
a1_0163,A1,dir,you,Sen,tú,أنت,dir,,word,,,Gefallen dir die Blumen?,13
a1_0164,A1,die Disco,the disco,disko,la discoteca,الديسكو,die Disco,die,noun,,,Heute abend gehen wir in die Disco tanzen.,13
a1_0165,A1,der Doktor,the doctor,doktor,el doctor,الطبيب,der Doktor,der,noun,,,Meine Tochter ist krank. || Wir gehen zum Doktor.,13
a1_0166,A1,das Doppelzimmer,the double room,çift ​​kişilik oda,la habitación doble,الغرفة المزدوجة,das Doppelzimmer,das,noun,,,Wollen Sie ein Doppelzimmer oder ein Einzelzimmer?,13
a1_0167,A1,"das Dorf, -ö, er","the village, -ö, he","köy, -ö, o","el pueblo, -ö, él",القرية، -ö، هو,"das Dorf, -ö, er",das,noun,"-ö, er",,Meine Familie lebt in einem Dorf.,13
a1_0168,A1,"dort, -her, -hin","there, here, there","orada, burada, orada","allí, aquí, allí",هناك، هنا، هناك,"dort, -her, -hin",,adverb,,,Deine Tasche kannst du dorthin stellen. || Dort ist unser Haus.,13
a1_0169,A1,draußen,outside,dıştan,afuera,الخارج,draußen,,verb,,,Wollen wir draußen sitzen?,13
a1_0170,A1,drucken,press,basmak,prensa,يضعط,drucken,,verb,,,Bitte drucke das Formular für mich.,13
a1_0171,A1,"der Drucker, –","the printer, –","yazıcı, –","la impresora, –",الطابعة، –,"der Drucker, –",der,noun,–,,Mein Drucker ist kaputt.,13
a1_0172,A1,drücken,press,basmak,prensa,يضعط,drücken,,verb,,,"Drück hier, dann geht der Computer an.",13
a1_0173,A1,durch,through,başından sonuna kadar,a través de,خلال,durch,,preposition,,,Am besten gehen Sie durch die Breite Straße.,13
a1_0174,A1,"die Durchsage, -n","the announcement, -n","duyuru, -n","el anuncio, -n",الإعلان، -ن,"die Durchsage, -n",die,noun,-n,,Ich habe die Durchsage nicht verstanden.,13
a1_0175,A1,dürfen,may,mayıs,puede,يمكن,dürfen,,verb,,,Sie dürfen hier nicht rauchen. || Darf ich Sie zu einem Kaffee einladen? || Es darf nicht mehr als 15 Euro kosten.,13
a1_0176,A1,der Durst,the thirst,susuzluk,la sed,العطش,der Durst,der,noun,,,Hast du etwas zu trinken? || Ich habe großen Durst.,13
a1_0177,A1,(sich) duschen,(take a shower,(duş al,(tomar una ducha,(الاستحمام,(sich) duschen,,verb,,,"Ich bade nicht so gern, ich dusche lieber.",13
a1_0178,A1,die Dusche,the shower,duş,la ducha,الحمام,die Dusche,die,noun,,,Unsere Wohnung hat nur eine Dusche.,13
a1_0179,A1,e,e,e,mi,ه,e,,word,,,,13
a1_0180,A1,"die Ecke, -n","the corner, -n","köşe, -n","la esquina, -n",الزاوية، -ن,"die Ecke, -n",die,noun,-n,,An der nächsten Ecke links.,13
a1_0181,A1,"die Ehefrau, -en/","the wife, -en/","karısı, -tr/","la esposa, -es/",الزوجة -en/,"die Ehefrau, -en/",die,noun,-en/,,,13
a1_0182,A1,"der Ehemann, ä, er","the husband, er, he","kocası, yani, o","el marido, eh, él",الزوج، إيه، هو,"der Ehemann, ä, er",der,noun,"ä, er",,Das ist mein (Ehe-) Mann/meine (Ehe-) Frau.,13
a1_0183,A1,"das Ei, -er","the egg, -er","yumurta, -er","el huevo, -er",البيضة، -إيه,"das Ei, -er",das,noun,-er,,Möchtest du ein Ei zum Frühstück?,13
a1_0184,A1,eilig,hurry,acele etmek,apurarse,عجل,eilig,,adjective,,,Hast du es eilig?,13
a1_0185,A1,ein-,a-,A-,a-,أ-,ein-,,word,,,"Ich nehme ein Bier. || Willst du auch eins? || Ist hier einer, der das kann?",13
a1_0186,A1,einfach,simply,basitçe,simplemente,ببساطة,einfach,,word,,,"Die Prüfung ist ganz einfach. || Hin und zurück? || – Nein, bitte nur einfach. || Ich brauche nur ein einfaches Zimmer.",13
a1_0187,A1,der Eingang,the entrance,giriş,la entrada,المدخل,der Eingang,der,noun,,,Der Eingang ist um die Ecke.,13
a1_0188,A1,einkaufen,shopping,alışveriş,compras,التسوق,einkaufen,,verb,,,Ich muss noch für morgen einkaufen.,13
a1_0189,A1,einladen,invite,davet etmek,invitar,يدعو,einladen,,verb,,,Darf ich Sie zu einem Kaffee einladen?,13
a1_0190,A1,213082_20_SV,213082_20_SV,213082_20_SV,213082_20_SV,213082_20_SV,213082_20_SV,,other,,,,13
a1_0191,A1,die Einladung,the invitation,davet,la invitación,الدعوة,die Einladung,die,noun,,,Danke für die Einladung!,13
a1_0192,A1,einmal,once,bir kere,una vez,مرة واحدة,einmal,,word,,,Diese Prüfung mache ich nicht noch einmal.,14
a1_0193,A1,einsteigen,get in,Alın,Entra,أدخل,einsteigen,,verb,,,"Schnell, steig ein, der Zug fährt gleich.",14
a1_0194,A1,der Eintritt,the entry,giriş,la entrada,الدخول,der Eintritt,der,noun,,,Der Preis für den Eintritt ist 5 Euro.,14
a1_0195,A1,das Einzelzimmer,the single room,tek kişilik oda,la habitación individual,الغرفة المفردة,das Einzelzimmer,das,noun,,,Haben Sie noch ein Einzelzimmer?,14
a1_0196,A1,die Eltern (pl.),the parents (pl.),ebeveynler (pl.),los padres (pl.),الوالدين (ر.),die Eltern (pl.),die,noun,,,Meine Eltern leben in Spanien.,14
a1_0197,A1,"die E-Mail, -s","the email, -s","e-posta, -s","el correo electrónico, -s",البريد الإلكتروني، -s,"die E-Mail, -s",die,noun,-s,,Ich habe Ihre E-Mail nicht bekommen.,14
a1_0198,A1,"der Empfänger, –","the recipient, –","alıcı, –","el destinatario, –",المتلقي،-,"der Empfänger, –",der,noun,–,,"Auf dem Brief steht dein Name, also bist du der Empfänger.",14
a1_0199,A1,empfehlen,recommend,tavsiye etmek,recomendar,يوصي,empfehlen,,verb,,,Welchen Wein können Sie mir empfehlen?,14
a1_0200,A1,enden,end,son,fin,نهاية,enden,,verb,,,Die Straße endet hier.,14
a1_0201,A1,das Ende,the end,son,el fin,النهاية,das Ende,das,noun,,,Sie wohnt am Ende der Straße. || Er bekommt sein Geld am Ende des Monats.,14
a1_0202,A1,entschuldigen,excuse,mazeret,disculpar,عذر,entschuldigen,,verb,,,Entschuldigen Sie bitte!,14
a1_0203,A1,die Entschuldigung,the apology,özür,la disculpa,الاعتذار,die Entschuldigung,die,noun,,,Entschuldigung! || – Bitte.,14
a1_0204,A1,er,he,O,él,هو,er,,word,,,Er heißt Ali.,14
a1_0205,A1,"das Ergebnis, -se","the result, -se","sonuç, -se","el resultado, -se",النتيجة، -se,"das Ergebnis, -se",das,noun,-se,,Das Ergebnis des Tests bekommen Sie in zwei Wochen.,14
a1_0206,A1,erklären,explain,açıklamak,explicar,يشرح,erklären,,verb,,,Kannst du mir das erklären?,14
a1_0207,A1,erlauben,allow,izin vermek,permitir,يسمح,erlauben,,verb,,,Rauchen ist hier nicht erlaubt.,14
a1_0208,A1,"der Erwachsene, -n","the adult, -n","yetişkin, -n","el adulto, -n",البالغ، -ن,"der Erwachsene, -n",der,noun,-n,,Dieser Film ist nur für Erwachsene.,14
a1_0209,A1,erzählen,tell,söylemek,decir,يخبر,erzählen,,verb,,,Wir müssen euch etwas erzählen!,14
a1_0210,A1,es,it,BT,él,هو - هي,es,,word,,,Es regnet.,14
a1_0211,A1,essen,eat,yemek yemek,comer,يأكل,essen,,verb,,,Was gibt es zu essen?,14
a1_0212,A1,das Essen,the food,yemek,la comida,الطعام,das Essen,das,noun,,,Das Essen ist heute sehr gut.,14
a1_0213,A1,euer,your,senin,su,لك,euer,,word,,,Euer Kurs beginnt heute.,14
a1_0214,A1,fahren,drive,sürmek,conducir,يقود,fahren,,verb,,,Ich fahre mit dem Auto zur Arbeit.,14
a1_0215,A1,der Fahrer,the driver,sürücü,el conductor,السائق,der Fahrer,der,noun,,,Bitte nicht mit dem Fahrer sprechen!,14
a1_0216,A1,"die Fahrkarte, -n","the ticket, -n","bilet, -n","el billete, -n",التذكرة، -ن,"die Fahrkarte, -n",die,noun,-n,,Hast du schon eine Fahrkarte?,14
a1_0217,A1,"das Fahrrad, -ä, er","the bike, -ä, he","bisiklet, -ä, o","la bicicleta, -ä, él",الدراجة، -ä، هو,"das Fahrrad, -ä, er",das,noun,"-ä, er",,Fährst du mit dem Fahrrad oder mit dem Auto?,14
a1_0218,A1,falsch,incorrect,yanlış,incorrecto,غير صحيح,falsch,,word,,,Das ist falsch.,14
a1_0219,A1,"die Familie, -n","the family, -n","aile, -n","la familia, -n",الأسرة، -ن,"die Familie, -n",die,noun,-n,,Meine Familie lebt in Spanien.,14
a1_0220,A1,der Familienname,the family name,aile adı,el apellido,اسم العائلة,der Familienname,der,noun,,,Meine Familiennamen sind García González.,14
a1_0221,A1,der Familienstand,the marital status,medeni durum,el estado civil,الحالة الاجتماعية,der Familienstand,der,noun,,,Bei „Familienstand“ musst du „ledig“ ankreuzen.,14
a1_0222,A1,"die Farbe, -n","the color, -n","renk, -n","el color, -n",اللون، -ن,"die Farbe, -n",die,noun,-n,,Die Farbe gefällt mir gut.,14
a1_0223,A1,"das Fax, -e","das Fax, -e","faks, -e","el fax, -e",الفاكس، -ه,"das Fax, -e",das,noun,-e,,Schicken Sie uns einfach ein Fax!,14
a1_0224,A1,Feier-,Celebration-,Kutlama-,Celebración-,احتفال-,Feier-,,noun,,,"z. || B. || Feierabend, Feiertag Am Montag ist Feiertag.",14
a1_0225,A1,feiern,celebrate,kutlamak,celebrar,احتفل,feiern,,verb,,,Wir feiern heute meinen Geburtstag.,14
a1_0226,A1,fehlen,miss,kayıp,extrañar,يفتقد,fehlen,,verb,,,"Herr Müller ist nicht da, er fehlt schon seit drei Tagen. || Was fehlt Ihnen?",14
a1_0227,A1,"der Fehler, –","the error, –","hata, –","el error, –",الخطأ، –,"der Fehler, –",der,noun,–,,Diesen Fehler mache ich immer.,14
a1_0228,A1,fernsehen,TV,TV,TELEVISOR,تلفزيون,fernsehen,,verb,,,Wollen wir heute Abend mal fernsehen?,14
a1_0229,A1,fertig,complete,tamamlamak,completo,مكتمل,fertig,,adjective,,,Bist du fertig? || Ist mein Auto schon fertig?,14
a1_0230,A1,das Feuer,the fire,ateş,el fuego,النار,das Feuer,das,noun,,,Haben Sie Feuer?,14
a1_0231,A1,das Fieber,the fever,ateş,la fiebre,الحمى,das Fieber,das,noun,,,Mein Mann hat noch immer Fieber.,14
a1_0232,A1,"der Film, -e","the film, -e","film, -e","la película, -e",الفيلم -ه,"der Film, -e",der,noun,-e,,Ich möchte gern diesen Film sehen.,14
a1_0233,A1,finden,find,bulmak,encontrar,يجد,finden,,verb,,,Wir müssen den Schlüssel finden.,14
a1_0234,A1,die Firma,the Company,Şirket,la empresa,الشركة,die Firma,die,noun,,,Er arbeitet jetzt bei einer anderen Firma.,14
a1_0235,A1,213082_20_SV,213082_20_SV,213082_20_SV,213082_20_SV,213082_20_SV,213082_20_SV,,other,,,,14
a1_0236,A1,"der Fisch, -e","the fish, -e","balık, -e","el pescado, -e",السمك، -ه,"der Fisch, -e",der,noun,-e,,Ich esse gern Fisch. || Fleisch mag ich nicht.,14
a1_0237,A1,"die Flasche, -n","the bottle, -n","şişe, -n","la botella, -n",الزجاجة، -ن,"die Flasche, -n",die,noun,-n,,"Eine Flasche Bier, bitte.",15
a1_0238,A1,das Fleisch,the meat,et,la carne,اللحوم,das Fleisch,das,noun,,,Fleisch mag ich nicht.,15
a1_0239,A1,fliegen,fly,uçmak,volar,سافر,fliegen,,verb,,,Ich fliege nicht gern. || Deshalb fahre ich mit dem Zug.,15
a1_0240,A1,abfliegen,fly off,uçup gitmek,desprenderse,يطير بعيدا,abfliegen,,verb,,,Wann fliegst du ab?,15
a1_0241,A1,der Abflug,the departure,kalkış,la salida,المغادرة,der Abflug,der,noun,,,Der Abflug ist um 11.20 Uhr.,15
a1_0242,A1,der Flughafen,the airport,havaalanı,el aeropuerto,المطار,der Flughafen,der,noun,,,Kannst du mich zum Flughafen bringen?,15
a1_0243,A1,das Flugzeug,The plane,Uçak,el avion,الطائرة,das Flugzeug,das,noun,,,Das Flugzeug aus Berlin kommt heute später an.,15
a1_0244,A1,"das Formular, -e","the form, -e","form, -e","la forma, -e",النموذج -ه,"das Formular, -e",das,noun,-e,,Sie müssen dieses Formular ausfüllen.,15
a1_0245,A1,"das Foto, -s","the photo, -s","fotoğraf, -s","la foto, -s",الصورة، -s,"das Foto, -s",das,noun,-s,,Darf ich ein Foto machen?,15
a1_0246,A1,fragen,questions,sorular,preguntas,أسئلة,fragen,,verb,,,Er möchte Sie etwas fragen. || Wann kommen Sie?,15
a1_0247,A1,"die Frage, -n",the questions,sorular,las preguntas,الأسئلة,"die Frage, -n",die,noun,-n,,Ich habe eine Frage.,15
a1_0248,A1,"die Frau, -en",the women,kadınlar,las mujeres,النساء,"die Frau, -en",die,noun,-en,,"Das ist Frau Becker. || Guten Tag, Frau Schmitt! || Hier arbeiten mehr Frauen als Männer.",15
a1_0249,A1,frei,free,özgür,gratis,حر,frei,,adjective,,,Ist der Platz noch frei?,15
a1_0250,A1,die Freizeit,the free time,boş zaman,el tiempo libre,وقت الفراغ,die Freizeit,die,noun,,,In meiner Freizeit spiele ich oft Fußball.,15
a1_0251,A1,fremd,foreign,yabancı,extranjero,أجنبي,fremd,,word,,,Das weiß ich nicht; ich bin fremd hier.,15
a1_0252,A1,(sich) freuen,(rejoice,(sevin,(alegrarse,(افرح,(sich) freuen,,verb,,,Ich freue mich auf den Urlaub.,15
a1_0253,A1,"der Freund, -e","the friend, -e","arkadaş, -e","el amigo, -e",الصديق، -ه,"der Freund, -e",der,noun,-e,,Das ist ein Freund von mir. || Das ist meine Freundin.,15
a1_0254,A1,früher,earlier,daha erken,más temprano,سابقًا,früher,,word,,,Früher waren wir oft zusammen im Kino.,15
a1_0255,A1,frühstücken,have breakfast,frühstücken,desayunar,تناول وجبة الإفطار,frühstücken,,verb,,,Am Sonntag frühstücke ich gern im Bett.,15
a1_0256,A1,das Frühstück,the breakfast,kahvaltı,el desayuno,الإفطار,das Frühstück,das,noun,,,Möchtest du ein Ei zum Frühstück?,15
a1_0257,A1,die Führung,the leadership,liderlik,el liderazgo,القيادة,die Führung,die,noun,,,Die Führung durch das Haus beginnt in 3 Minuten.,15
a1_0258,A1,für,for,için,para,ل,für,,preposition,,,Das ist für Sie. || Das ist der Schlüssel für die Haustür. || Das ist das Brot für morgen.,15
a1_0259,A1,"der Fuß, -ü, e","the foot, -ü, e","ayak, -ü, e","el pie, -ü, e",القدم، -ü، ه,"der Fuß, -ü, e",der,noun,"-ü, e",,Der linke Fuß tut mir weh.,15
a1_0260,A1,der Fußball,the football,futbol,el futbol,كرة القدم,der Fußball,der,noun,,,Spielt ihr gerne Fußball?,15
a1_0261,A1,der Garten,the garden,bahçe,el jardin,الحديقة,der Garten,der,noun,,,Wir haben leider keinen Garten.,15
a1_0262,A1,"der Gast, -ä, e","the guest, -ä, e","misafir, -ä, e","el invitado, -ä, e",الضيف، -أ، ه,"der Gast, -ä, e",der,noun,"-ä, e",,Am Wochenende haben wir mehrere Gäste.,15
a1_0263,A1,geben,give,vermek,dar,يعطي,geben,,verb,,,Kannst du mir bitte deinen Kugelschreiber geben? || Es gibt keine Karten mehr.,15
a1_0264,A1,geboren,born,doğmak,nacido,وُلِدّ,geboren,,verb,,,Ich bin in Zagreb geboren.,15
a1_0265,A1,das Geburtsjahr,the year of birth,doğum yılı,el año de nacimiento,سنة الميلاد,das Geburtsjahr,das,noun,,,"Das Geburtsjahr Ihres Sohnes, bitte?",15
a1_0266,A1,der Geburtsort,the place of birth,doğum yeri,el lugar de nacimiento,مكان الميلاد,der Geburtsort,der,noun,,,Bitte schreiben Sie Ihren Geburtsort auf das Formular.,15
a1_0267,A1,der Geburtstag,the birthday,doğum günü,el cumpleaños,عيد الميلاد,der Geburtstag,der,noun,,,Herzlichen Glückwunsch zum Geburtstag!,15
a1_0268,A1,gefallen,fallen,düşmüş,caído,سقط,gefallen,,verb,,,Das gefällt mir.,15
a1_0269,A1,gegen,against,aykırı,contra,ضد,gegen,,verb,,,Fahr nicht gegen den Baum! || Ich bin gegen diese Lösung. || Wer spielt gegen wen?,15
a1_0270,A1,gehen,go,Gitmek,ir,يذهب,gehen,,verb,,,"Ich weiß nicht, wie das geht. || Wie geht‘s? || Jetzt muss ich (aber) leider gehen. || Ich muss zum Arzt gehen. || Das geht nicht!",15
a1_0271,A1,gehören,belong,ait olmak,pertenecer,ينتمي ل,gehören,,verb,,,Wem gehört das?,15
a1_0272,A1,das Geld,the money,para,el dinero,المال,das Geld,das,noun,,,Hast du noch Geld?,15
a1_0273,A1,213082_20_SV,213082_20_SV,213082_20_SV,213082_20_SV,213082_20_SV,213082_20_SV,,other,,,,15
a1_0274,A1,das Gemüse,the vegetable,sebze,la verdura,الخضار,das Gemüse,das,noun,,,Gemüse brauchen wir auch noch.,15
a1_0275,A1,das Gepäck,the luggage,bagaj,el equipaje,الأمتعة,das Gepäck,das,noun,,,Wollen Sie Ihr Gepäck mitnehmen?,16
a1_0276,A1,gerade,straight,dümdüz,derecho,مستقيم,gerade,,word,,,Da kommt er ja gerade.,16
a1_0277,A1,geradeaus,straight ahead,dümdüz ileri,todo derecho,إلى الأمام مباشرة,geradeaus,,word,,,Gehen Sie immer geradeaus!,16
a1_0278,A1,gern(e),gladly),memnuniyetle),con alegría),بكل سرور),gern(e),,word,,,Ich gehe gerne einkaufen.,16
a1_0279,A1,"das Geschäft, -e","the business, -e","iş, -e","el negocio, -e",الأعمال، -ه,"das Geschäft, -e",das,noun,-e,,Die Geschäfte schließen um 18.30 Uhr.,16
a1_0280,A1,"das Geschenk, -e","the gift, -e","hediye, -e","el regalo, -e",الهدية، -ه,"das Geschenk, -e",das,noun,-e,,Danke für das schöne Geschenk.,16
a1_0281,A1,die Geschwister (pl.),the siblings (pl.),kardeşler (pl.),los hermanos (pl.),الأخوة (ر.),die Geschwister (pl.),die,noun,,,Ich habe leider keine Geschwister.,16
a1_0282,A1,"das Gespräch, -e","the conversation, -e","konuşma, -e","la conversación, -e",المحادثة، -ه,"das Gespräch, -e",das,noun,-e,,Das Gespräch mit Frau Kunz ist um 14 Uhr.,16
a1_0283,A1,gestern,yesterday,Dün,ayer,أمس,gestern,,verb,,,Gestern war ich krank.,16
a1_0284,A1,gestorben,died,ölü,fallecido,مات,gestorben,,verb,,,Meine Frau ist gestern gestorben.,16
a1_0285,A1,"das Getränk, -e","the drink, -e","içki, -e","la bebida, -e",الشراب، -ه,"das Getränk, -e",das,noun,-e,,Mein Lieblingsgetränk ist Tomatensaft.,16
a1_0286,A1,das Gewicht,the weight,ağırlık,el peso,الوزن,das Gewicht,das,noun,,,Bei „Gewicht“ schreibst du: 62 Kilo.,16
a1_0287,A1,gewinnen,win,kazanç,ganar,يفوز,gewinnen,,verb,,,Wer gewinnt das Spiel?,16
a1_0288,A1,"das Glas, -ä, er","the glass, -ä, he","bardak, -ä, o","el vaso, -ä, él",الزجاج، -ä، هو,"das Glas, -ä, er",das,noun,"-ä, er",,Bitte noch ein Glas Wein! || Wir brauchen noch drei Gläser.,16
a1_0289,A1,glauben,believe,inanmak,creer,يعتقد,glauben,,verb,,,"Sie können mir glauben, es ist so. || Ich glaube, er kommt gleich.",16
a1_0290,A1,gleich,even,eşit,incluso,حتى,gleich,,word,,,Das ist mir gleich. || Das ist der gleiche Preis. || Ich komme gleich.,16
a1_0291,A1,"das Gleis, -e","the track, -e","parça, -e","la pista, -e",المسار، -e,"das Gleis, -e",das,noun,-e,,Der ICE nach Berlin hält heute an Gleis 12.,16
a1_0292,A1,das Glück,the happiness,mutluluk,la felicidad,السعادة,das Glück,das,noun,,,Viel Glück!,16
a1_0293,A1,glücklich,happy,mutlu,feliz,سعيد,glücklich,,adjective,,,Meine Kinder sind glücklich verheiratet.,16
a1_0294,A1,der Glückwunsch,the congratulations,tebrikler,las felicitaciones,التهاني,der Glückwunsch,der,noun,,,Herzlichen Glückwunsch zum Geburtstag.,16
a1_0295,A1,Grad (Celsius),Degrees Celsius),Santigrat derece),grados centígrados),درجة مئوية),Grad (Celsius),,noun,,,Heute haben wir dreißig Grad.,16
a1_0296,A1,gratulieren,congratulate,tebrik etmek,felicitar,تهنئة,gratulieren,,verb,,,Ich gratuliere dir!,16
a1_0297,A1,grillen,grill,ızgara,parrilla,شواء,grillen,,verb,,,Heute grillen wir im Garten.,16
a1_0298,A1,groß,large,büyük,grande,كبير,groß,,word,,,Mein Bruder und ich sind gleich groß. || Frankfurt ist eine große Stadt.,16
a1_0299,A1,die Größe,the size,boyut,el tamaño,الحجم,die Größe,die,noun,,,Haben Sie das auch in Größe 40?,16
a1_0300,A1,die Großeltern (pl.),the grandparents (pl.),büyükanne ve büyükbaba (pl.),los abuelos (pl.),الأجداد (رر),die Großeltern (pl.),die,noun,,,Meine Großeltern leben in Japan.,16
a1_0301,A1,die Großmutter,the grandmother,büyükanne,la abuela,الجدة,die Großmutter,die,noun,,,Meine Großmutter heißt Eva.,16
a1_0302,A1,der Großvater,the grandfather,büyükbaba,el abuelo,الجد,der Großvater,der,noun,,,Mein Großvater ist schon 80.,16
a1_0303,A1,"die Gruppe, -n","the group, -n","grup, -n","el grupo, -n",المجموعة، -ن,"die Gruppe, -n",die,noun,-n,,Die erste Gruppe beginnt um 16 Uhr.,16
a1_0304,A1,"der Gruß, -ü, e","the greeting, -ü, e","selamlama, -ü, e","el saludo, -ü, e",التحية، -ü، ه,"der Gruß, -ü, e",der,noun,"-ü, e",,Viele Grüße an Ihre Frau. || Mit freundlichen Grüßen,16
a1_0305,A1,gültig,valid,geçerli,válido,صالح,gültig,,adjective,,,Der Pass ist nicht mehr gültig.,16
a1_0306,A1,günstig,cheap,ucuz,barato,رخيص,günstig,,adjective,,,Dort gibt es günstige Angebote.,16
a1_0307,A1,gut,good,iyi,bien,جيد,gut,,word,,,Das finde ich gut. || Ich komme um 13 Uhr. || – Gut! || Guten Morgen! || Ein gutes neues Jahr! || Guten Appetit!,16
a1_0308,A1,"das Haar, -e","the hair, -e","saç, -e","el pelo, -e",الشعر، -ه,"das Haar, -e",das,noun,-e,,Sie hat lange Haare.,16
a1_0309,A1,haben,have,sahip olmak,tener,يملك,haben,,verb,,,Ich habe ein neues Auto.,16
a1_0310,A1,"das Hähnchen, -","the chicken, -","tavuk, -","el pollo, -",الدجاج، -,"das Hähnchen, -",das,noun,-,,Ein Hähnchen mit Pommes bitte!,16
a1_0311,A1,die Halbpension,the half board,yarım pansiyon,la media pensión,نصف القيمة,die Halbpension,die,noun,,,Möchten Sie Vollpension oder Halbpension?,16
a1_0312,A1,die Halle,the hall,salon,el pasillo,القاعة,die Halle,die,noun,,,Wir treffen uns in Halle B,16
a1_0313,A1,213082_20_SV,213082_20_SV,213082_20_SV,213082_20_SV,213082_20_SV,213082_20_SV,,other,,,,16
a1_0314,A1,hallo,Hello,Merhaba,Hola,مرحبًا,hallo,,word,,,Hallo Inge! || Wie geht’s?,16
a1_0315,A1,halten,hold,tutmak,sostener,يمسك,halten,,verb,,,Dieser Zug hält nicht in Rüdesheim.,17
a1_0316,A1,die Haltestelle,the bus stop,otobüs durağı,la parada de autobús,محطة الحافلات,die Haltestelle,die,noun,,,An der nächsten Haltestelle müssen Sie aussteigen.,17
a1_0317,A1,"die Hand, -ä, e","the hand, -ä, e","el, -ä, e","la mano, -ä, e",اليد، -ä، ه,"die Hand, -ä, e",die,noun,"-ä, e",,Er gibt mir die Hand.,17
a1_0318,A1,"das Handy, -s","the cell phone, -s","cep telefonu, -s","el celular, -s",الهاتف الخليوي، -s,"das Handy, -s",das,noun,-s,,In der Schule bitte die Handys ausmachen!,17
a1_0319,A1,"das Haus, -ä, er","the house, -ä, he","ev, -ä, o","la casa, -ä, él",المنزل، -ä، هو,"das Haus, -ä, er",das,noun,"-ä, er",,In welchem Haus wohnst du? || Ich gehe jetzt nach Hause. || Paul ist nicht zu Hause.,17
a1_0320,A1,"die Hausaufgabe,-n","the homework, -n","ödev, -n","la tarea, -n",الواجب المنزلي، -ن,"die Hausaufgabe,-n",die,noun,-n,,Kannst du mir bei den Hausaufgaben helfen?,17
a1_0321,A1,"die Hausfrau, -en/","the housewife, -en/","die Hausfrau, -en/","el ama de casa, -es/",ربة البيت -en/,"die Hausfrau, -en/",die,noun,-en/,,,17
a1_0322,A1,der Hausmann,the househusband,ev kocası,el amo de casa,رب البيت,der Hausmann,der,noun,,,"Die Hausfrau/der Hausmann wäscht, kocht und kauft ein.",17
a1_0323,A1,die Heimat,the homeland,vatan,la patria,الوطن,die Heimat,die,noun,,,Ich komme aus der Schweiz. || Das ist meine Heimat.,17
a1_0324,A1,heiraten,marry,evlenmek,casarse,الزواج,heiraten,,verb,,,Meine Schwester heiratet einen Japaner.,17
a1_0325,A1,heißen,be called,çağrılmak,ser llamado,يمكن استدعاؤه,heißen,,verb,,,Ich heiße Charlotte Meier. || Wie heißt das auf Deutsch?,17
a1_0326,A1,helfen,help,yardım,ayuda,يساعد,helfen,,verb,,,"Können Sie mir helfen, bitte?",17
a1_0327,A1,hell,bright,parlak,brillante,ساطع,hell,,word,,,Im Sommer ist es bis 21 Uhr hell.,17
a1_0328,A1,der Herd,the stove,soba,la estufa,الموقد,der Herd,der,noun,,,In der neuen Küche fehlt noch der Herd.,17
a1_0329,A1,"der Herr, -en","the gentleman, -en","beyefendi, -tr","el caballero, -es",الرجل المحترم، -en,"der Herr, -en",der,noun,-en,,"Guten Tag, Herr Sommer!",17
a1_0330,A1,herzlich,herzlich,yürekten,sentido,القلبية,herzlich,,adjective,,,Herzlichen Glückwunsch!,17
a1_0331,A1,heute,today,Bugün,hoy,اليوم,heute,,adverb,,,Heute ist ein schöner Tag.,17
a1_0332,A1,hier,here,Burada,aquí,هنا,hier,,adverb,,,"Hier ist 06131-553221, Pamela Linke. || Hier wohne ich.",17
a1_0333,A1,die Hilfe,the help,yardım,la ayuda,المساعدة,die Hilfe,die,noun,,,Hilfe! || Bitte helfen Sie mir! || Brauchen Sie meine Hilfe?,17
a1_0334,A1,hinten,rear,arka,trasero,مؤخرة,hinten,,verb,,,Die Tür zum Aussteigen ist hinten.,17
a1_0335,A1,"das Hobby, -s","the hobby, -s","hobi, -s","el hobby, -s",الهواية، -s,"das Hobby, -s",das,noun,-s,,Meine Hobbys sind Wandern und Schwimmen.,17
a1_0336,A1,hoch,high,yüksek,alto,عالي,hoch,,word,,,Der Mount Everest ist 8.880 Meter hoch.,17
a1_0337,A1,die Hochzeit,the wedding,düğün,la boda,الزفاف,die Hochzeit,die,noun,,,Zur dieser Hochzeit kommen mehr als fünfzig Gäste.,17
a1_0338,A1,holen,fetch,gidip getirmek,buscar,أحضر,holen,,verb,,,Ich hole zwei Flaschen Wasser aus der Küche.,17
a1_0339,A1,hören,hear,duymak,escuchar,يسمع,hören,,verb,,,Hör mal! || Was ist das? || Ich habe das Lied schon mal gehört.,17
a1_0340,A1,"das Hotel, -s","the hotel, -s","otel, -s","el hotel, -s",الفندق -س,"das Hotel, -s",das,noun,-s,,Im Urlaub sind wir in einem Hotel am Meer.,17
a1_0341,A1,"der Hund, -e","the dog, -e","köpek, -e","el perro, -e",الكلب، -ه,"der Hund, -e",der,noun,-e,,Der Hund ist noch jung.,17
a1_0342,A1,der Hunger,the hunger,açlık,el hambre,الجوع,der Hunger,der,noun,,,Ich habe Hunger! || Wann ist das Essen fertig?,17
a1_0343,A1,ich,I,BEN,I,أنا,ich,,word,,,Ich heiße Veronika.,17
a1_0344,A1,ihr/ihm/ihn,ihr/ihm/ihn,onu / onu / onu,ella/él/él,لها / له / له,ihr/ihm/ihn,,word,,,Gib ihr/ihm bitte das Buch. || Ruf ihn bitte an.,17
a1_0345,A1,immer,always,Her zaman,siempre,دائماً,immer,,adverb,,,Frau Bast kommt immer zu spät.,17
a1_0346,A1,in,in,içinde,en,في,in,,preposition,,,"Ich wohne in Wiesbaden. || Der Zug kommt in fünf Minuten. || Frau Rausch arbeitet in einem Geschäft. || Komm, wir gehen ins Kino.",17
a1_0347,A1,"die Information, -en",the information,bilgi,la información,المعلومات,"die Information, -en",die,noun,-en,,"Wenn Sie Fragen haben, gehen Sie zur Information. || Wir haben hier wichtige Informationen für Sie.",17
a1_0348,A1,international,international,uluslararası,internacional,دولي,international,,word,,,"Unser Deutschkurs ist international: Silvana kommt aus Italien, Conchi aus Spanien, Yin aus China ...",17
a1_0349,A1,das Internet,the Internet,internet,La Internet,الإنترنت,das Internet,das,noun,,,Das findest du im Internet.,17
a1_0350,A1,213082_20_SV,213082_20_SV,213082_20_SV,213082_20_SV,213082_20_SV,213082_20_SV,,other,,,,17
a1_0351,A1,ja,Yes,Evet,Sí,نعم,ja,,word,,,Sind Sie Herr Watanabe? || – Ja.,18
a1_0352,A1,"die Jacke, -n","the jacket, -n","ceket, -n","la chaqueta, -n",السترة، -ن,"die Jacke, -n",die,noun,-n,,Zieh dir eine Jacke an. || Es ist kalt.,18
a1_0353,A1,jed-,any-,herhangi-,cualquier-,أي-,jed-,,word,,,Blumen kannst du in jedem Bahnhof kaufen.,18
a1_0354,A1,jetzt,now,Şimdi,ahora,الآن,jetzt,,adverb,,,Jetzt machen wir eine Pause.,18
a1_0355,A1,"der Job, -s","the job, -s","iş, -s","el trabajo, -s",الوظيفة،-س,"der Job, -s",der,noun,-s,,Jenny hat einen neuen Job bei der Post.,18
a1_0356,A1,"der Jugendliche, -n","the young person, -n","genç kişi, -n","el joven, -n",الشاب، -ن,"der Jugendliche, -n",der,noun,-n,,Viele Jugendliche kaufen gern ein.,18
a1_0357,A1,jung,young,genç,joven,شاب,jung,,word,,,Claudia ist 21. || – Was? || Noch so jung?,18
a1_0358,A1,"der Junge, -n","the boy, -n","oğlan, -n","el chico, -n",الصبي، -ن,"der Junge, -n",der,noun,-n,,Ich habe zwei Kinder. || Einen Jungen und ein Mädchen.,18
a1_0359,A1,der Kaffee,the coffee,kahve,el cafe,القهوة,der Kaffee,der,noun,,,Zum Frühstück trinke ich immer Kaffee.,18
a1_0360,A1,kaputt,broken,kırık,roto,مكسور,kaputt,,word,,,Das Glas war teuer. || Es geht sehr leicht kaputt.,18
a1_0361,A1,"die Karte, -n","the card, -n","kart, -n","la tarjeta, -n",البطاقة، -ن,"die Karte, -n",die,noun,-n,,"Ich schreibe meinen Bekannten eine Karte aus dem Urlaub. || Wollen wir Karten spielen? || Ich möchte auch etwas essen. || Bringen Sie mir die Karte, bitte.",18
a1_0362,A1,"(Kredit)-Karte, -n","(credit) card, -n","(kredi) kartı, -n","tarjeta (de crédito), -n",بطاقة (الائتمان)، -ن,"(Kredit)-Karte, -n",,other,,,Kann ich auch mit Karte (be-) zahlen?,18
a1_0363,A1,"die Kartoffel, -n","the potato, -n","patates, -n","la papa, -n",البطاطس، -ن,"die Kartoffel, -n",die,noun,-n,,Für Pommes frites braucht man Kartoffeln.,18
a1_0364,A1,die Kasse,the cash register,yazarkasa,la caja registradora,السجل النقدي,die Kasse,die,noun,,,Zahlen Sie bitte an der Kasse.,18
a1_0365,A1,kaufen,buy,satın almak,comprar,يشتري,kaufen,,verb,,,Tim kauft sich ein neues Auto.,18
a1_0366,A1,kein,no,HAYIR,No,لا,kein,,word,,,Es gibt keine Eintrittskarten mehr.,18
a1_0367,A1,kennen,know,Bilmek,saber,يعرف,kennen,,verb,,,"Kennen Sie diese Frau? || – Nein, leider nicht.",18
a1_0368,A1,kennenlernen,get to know,tanımak,llegar a saber,تعرف على,kennenlernen,,verb,,,Wir sind neu hier. || Wir möchten Sie kennenlernen.,18
a1_0369,A1,"das Kind, -er","the child, -he","çocuk, -o","el niño, -él",الطفل - هو,"das Kind, -er",das,noun,-er,,Wie viele Kinder haben Sie?,18
a1_0370,A1,der Kindergarten,the kindergarten,anaokulu,el jardín de infantes,الروضة,der Kindergarten,der,noun,,,Die kleine Laura geht schon in den Kindergarten.,18
a1_0371,A1,"das Kino, -s","the cinema, -s","sinema, -s","el cine, -s",السينما، -س,"das Kino, -s",das,noun,-s,,Wir sehen heute Abend im Kino einen schönen Film.,18
a1_0372,A1,der Kiosk,the kiosk,kiosk,el quiosco,الكشك,der Kiosk,der,noun,,,"Am Kiosk bekommen Sie Getränke, Zigaretten und Zeitungen.",18
a1_0373,A1,klar,clear,temizlemek,claro,واضح,klar,,word,,,Kommst du mit? || – Klar!,18
a1_0374,A1,die Klasse,the class,sınıf,la clase,الفصل,die Klasse,die,noun,,,In unserer Klasse sind fünfundzwanzig Schüler. Im Zug fahre ich immer || Klasse.,18
a1_0375,A1,die Kleidung,the clothing,giyim,la ropa,الملابس,die Kleidung,die,noun,,,"Wo finde ich Kleidung? || – Jacken im ersten, Jeans im zweiten Stock.",18
a1_0376,A1,klein,small,küçük,pequeño,صغير,klein,,word,,,Eltville ist eine kleine Stadt am Rhein.,18
a1_0377,A1,kochen,cook,aşçı,cocinar,يطبخ,kochen,,verb,,,Herr Georgi kann gut kochen.,18
a1_0378,A1,"der Koffer, –","the suitcase, -","bavul, -","la maleta, -",الحقيبة، -,"der Koffer, –",der,noun,–,,Ist das Ihr Koffer?,18
a1_0379,A1,"der Kollege, -n","the colleague, -n","meslektaşım, -n","el colega, -n",الزميل، -ن,"der Kollege, -n",der,noun,-n,,Wie heißt die neue Kollegin?,18
a1_0380,A1,kommen,come,Gelmek,venir,يأتي,kommen,,verb,,,Woher kommen Sie? || – Aus Frankreich. || Kommst du mit ins Schwimmbad?,18
a1_0381,A1,können,can,olabilmek,poder,يستطيع,können,,verb,,,Ich kann Deutsch und Russisch. || Können Sie mir helfen?,18
a1_0382,A1,das Konto,the account,hesap,la cuenta,الحساب,das Konto,das,noun,,,Das Geld überweisen wir am ersten März auf Ihr Konto.,18
a1_0383,A1,der Kopf,the head,kafa,la cabeza,الرأس,der Kopf,der,noun,,,Mein Kopf tut weh!,18
a1_0384,A1,kosten,cost,maliyet,costo,يكلف,kosten,,verb,,,Wie viel kostet das? || – 10 Euro.,18
a1_0385,A1,krank,sick,hasta,enfermo,مريض,krank,,word,,,"Ich kann heute nicht zur Arbeit kommen, ich bin krank und liege im Bett.",18
a1_0386,A1,kriegen,get,elde etmek,conseguir,يحصل,kriegen,,verb,,,Ich kriege 15 Euro in der Stunde für meine Arbeit.,18
a1_0387,A1,die Küche,the kitchen,mutfak,la cocina,المطبخ,die Küche,die,noun,,,Der neue Herd kommt in die Küche.,18
a1_0388,A1,213082_20_SV,213082_20_SV,213082_20_SV,213082_20_SV,213082_20_SV,213082_20_SV,,other,,,,18
a1_0389,A1,der Kuchen,the cake,kek,el pastel,الكعكة,der Kuchen,der,noun,,,Ich nehme ein Stück Kuchen.,18
a1_0390,A1,der Kugelschreiber,the ballpoint pen,tükenmez kalem,el bolígrafo,قلم الحبر,der Kugelschreiber,der,noun,,,Hast du einen Kugelschreiber für mich?,19
a1_0391,A1,der Kühlschrank,the refrigerator,buzdolabı,el refrigerador,الثلاجة,der Kühlschrank,der,noun,,,"Haben wir noch Milch? || – Ja, im Kühlschrank.",19
a1_0392,A1,kulturell,cultural,kültürel,cultural,ثقافية,kulturell,,word,,,Ich bin kulturell interessiert. || Ich gehe oft ins Museum.,19
a1_0393,A1,sich kümmern,take care,Dikkatli ol,cuidarse,يعتني,sich kümmern,,verb,,,Jede Mutter kümmert sich um ihre kleinen Kinder.,19
a1_0394,A1,"der Kunde, -n","the customer, -n","müşteri, -n","el cliente, -n",العميل، -ن,"der Kunde, -n",der,noun,-n,,"Einen Moment, bitte. || Ich habe eine Kundin.",19
a1_0395,A1,"der Kurs, -e","the course, -e","kurs, -e","el curso, -e",الدورة -ه,"der Kurs, -e",der,noun,-e,,Der Deutschkurs geht bis zum Sommer.,19
a1_0396,A1,kurz,short,kısa,corto,قصير,kurz,,word,,,Ricardo hat kurzes Haar.,19
a1_0397,A1,lachen,laugh,lachen,reír,يضحك,lachen,,verb,,,Die Kinder lachen viel.,19
a1_0398,A1,"der Laden, -ä","the shop, -ä","dükkan, -ä","la tienda, -ä",المحل، -أ,"der Laden, -ä",der,noun,-ä,,Im Buchladen können Sie Bücher kaufen.,19
a1_0399,A1,"das Land, -ä, er","the country, -ä, he","ülke, -ä, o","el país, -ä, él",البلاد، -ä، هو,"das Land, -ä, er",das,noun,"-ä, er",,Italien ist ein schönes Land.,19
a1_0400,A1,lang,long,uzun,largo,طويل,lang,,word,,,Die Jeans ist zu lang.,19
a1_0401,A1,lange,long,uzun,largo,طويل,lange,,word,,,Wie lange fährt der Zug von Hamburg nach Berlin?,19
a1_0402,A1,langsam,slow,yavaş,lento,بطيء,langsam,,adjective,,,Könnten Sie bitte etwas langsamer sprechen?,19
a1_0403,A1,laufen,run,koşmak,correr,يجري,laufen,,verb,,,"Ich möchte nicht Auto fahren, ich möchte laufen.",19
a1_0404,A1,laut,loud,yüksek sesle,alto,عالي,laut,,word,,,Nicht so laut! || Das Baby schläft.,19
a1_0405,A1,leben,life,hayat,vida,حياة,leben,,verb,,,Sie lebt bei ihrer Schwester. || Ihre Eltern leben nicht mehr.,19
a1_0406,A1,das Leben,the life,hayat,la vida,الحياة,das Leben,das,noun,,,Das Leben in diesem Land ist teuer.,19
a1_0407,A1,die Lebens-,the life,hayat,la vida,الحياة,die Lebens-,die,noun,,,,19
a1_0408,A1,mittel (pl.),medium (pl.),orta (pl.),medio (pl.),متوسطة (ر.),mittel (pl.),,word,,,Lebensmittel bekommen Sie im Supermarkt.,19
a1_0409,A1,ledig,single,Bekar,soltero,أعزب,ledig,,adjective,,,Sind Sie verheiratet? || – Nein. || Ledig.,19
a1_0410,A1,legen,place,yer,lugar,مكان,legen,,verb,,,Legen Sie das Buch auf den Tisch.,19
a1_0411,A1,"der Lehrer, –","the teacher, -","öğretmen, -","el maestro, -",المعلم، -,"der Lehrer, –",der,noun,–,,Unsere Deutschlehrerin heißt Frau Müller.,19
a1_0412,A1,leicht,light,ışık,luz,ضوء,leicht,,word,,,Der Koffer ist leicht. || Deutsch ist nicht leicht.,19
a1_0413,A1,leider,unfortunately,Ne yazık ki,desafortunadamente,للأسف,leider,,adverb,,,Leider kann ich nicht kommen. || Ich muss zum Arzt.,19
a1_0414,A1,leise,quiet,sessizlik,tranquilo,هادئ,leise,,word,,,Seid leise. || Die anderen schlafen schon.,19
a1_0415,A1,lernen,learn,öğrenmek,aprender,يتعلم,lernen,,verb,,,Wie lange lernen Sie schon Deutsch?,19
a1_0416,A1,lesen,read,Okumak,leer,يقرأ,lesen,,verb,,,Ich lese ein Buch von García Márquez.,19
a1_0417,A1,letzt-,last-,son-,último-,آخر-,letzt-,,word,,,Morgen ist der letzte Kurstag.,19
a1_0418,A1,die Leute (pl.),the people (pl.),insanlar (pl.),el pueblo (pl.),الناس (ر.),die Leute (pl.),die,noun,,,In der Disko sind viele Leute.,19
a1_0419,A1,das Licht,the light,ışık,la luz,ضوء,das Licht,das,noun,,,Wo macht man hier das Licht an?,19
a1_0420,A1,lieb-,dear-,Sayın-,estimado-,عزيزي-,lieb-,,word,,,"Liebe Susanne, lieber Hans,",19
a1_0421,A1,lieben,love,Aşk,amar,حب,lieben,,verb,,,Ich liebe dich!,19
a1_0422,A1,lieber,Dear,Canım,Estimado,عزيزي,lieber,,word,,,Sie fährt lieber mit der Bahn.,19
a1_0423,A1,Lieblings-,Favorite-,Favori-,Favorito-,مفضل-,Lieblings-,,noun,,,Mein Lieblingsfilm ist „Schwarze Augen“.,19
a1_0424,A1,"das Lied, -er","the song, -er","şarkı, -er","la canción, -eh",الأغنية -إيه,"das Lied, -er",das,noun,-er,,Welches ist dein Lieblingslied?,19
a1_0425,A1,liegen,lay,sermek,poner,يضع,liegen,,verb,,,Um neun Uhr liegt Judith noch im Bett. || Frankfurt liegt am Main.,19
a1_0426,A1,links,left,sol,izquierda,غادر,links,,word,,,Gehen Sie die nächste Straße links.,19
a1_0427,A1,"der Lkw, -s","the truck, -s","kamyon, -s","el camion, -s",الشاحنة، -س,"der Lkw, -s",der,noun,-s,,Dieser Lastkraftwagen ist sehr groß.,19
a1_0428,A1,das Lokal,the local,yerel,el local,المحلي,das Lokal,das,noun,,,In unserer Straße gibt es ein neues Lokal.,19
a1_0429,A1,"die Lösung, -en","the solution, -en","çözüm, -en","la solución, -es",الحل، -en,"die Lösung, -en",die,noun,-en,,Die Lösung ist ganz einfach.,19
a1_0430,A1,lustig,funny,eğlenceli,divertido,مضحك,lustig,,adjective,,,Frau Mertens ist lustig. || Sie lacht immer.,19
a1_0431,A1,m,m,M,metro,م,m,,word,,,,19
a1_0432,A1,machen,make,yapmak,hacer,يصنع,machen,,verb,,,Was machst du heute Abend?,19
a1_0433,A1,213082_20_SV,213082_20_SV,213082_20_SV,213082_20_SV,213082_20_SV,213082_20_SV,,other,,,Ich muss jetzt das Essen machen.,19
a1_0434,A1,"das Mädchen, –","the girl, -","kız, -","la chica, -",الفتاة، -,"das Mädchen, –",das,noun,–,,Familie Kurz bekommt ein Baby. || – Junge oder Mädchen?,20
a1_0435,A1,man,man,Adam,hombre,رجل,man,,word,,,Hier darf man nicht rauchen.,20
a1_0436,A1,"der Mann, -ä, er","the man, -ä, he","adam, -ä, o","el hombre, -ä, él",الرجل، -أ، هو,"der Mann, -ä, er",der,noun,"-ä, er",,Mein Mann arbeitet bei der Polizei.,20
a1_0437,A1,männlich,masculine,eril,masculino,مذكر,männlich,,adjective,,,Kreuzen Sie bitte an: „weiblich“ oder „männlich“.,20
a1_0438,A1,"die Maschine, -n","the machine, -n","makine, -n","la máquina, -n",الآلة، -ن,"die Maschine, -n",die,noun,-n,,Die Waschmaschine ist günstig.,20
a1_0439,A1,das Meer,the sea,deniz,el mar,البحر,das Meer,das,noun,,,Wir machen Urlaub am Meer.,20
a1_0440,A1,mehr,more,Daha,más,أكثر,mehr,,word,,,Dieses Auto kostet 1.000 Euro mehr als das andere.,20
a1_0441,A1,mein,my,Benim,mi,لي,mein,,word,,,Mein Vater ist Arzt.,20
a1_0442,A1,meist-,mostly-,çoğunlukla-,principalmente-,في الغالب-,meist-,,word,,,Die meisten Norddeutschen sind sehr groß.,20
a1_0443,A1,"der Mensch, -en","the human being, -en","insan, -tr","el ser humano, -es",الإنسان، -en,"der Mensch, -en",der,noun,-en,,Die Menschen sind hier anders als bei uns.,20
a1_0444,A1,mieten,rent,kira,alquilar,إيجار,mieten,,verb,,,Ich möchte ein Auto mieten.,20
a1_0445,A1,die Miete,the rent,kira,el alquiler,الإيجار,die Miete,die,noun,,,Die Miete für diese Wohnung ist 600 Euro.,20
a1_0446,A1,die Milch,the milk,süt,la leche,الحليب,die Milch,die,noun,,,Die Milch steht im Kühlschrank.,20
a1_0447,A1,mit,with,ile,con,مع,mit,,preposition,,,Trinken Sie den Kaffee mit Milch?,20
a1_0448,A1,mitbringen,bring along,yanında getirmek,traer,أحضر معك,mitbringen,,verb,,,Ich gehe einkaufen. || Soll ich dir was mitbringen?,20
a1_0449,A1,mitkommen,come along,gel,venir también,تعال معنا,mitkommen,,verb,,,Ich gehe ins Kino. || Kommst du mit?,20
a1_0450,A1,mitmachen,join in,katılmak,participar,انضم,mitmachen,,verb,,,Warum macht ihr nicht mit?,20
a1_0451,A1,mitnehmen,take along,yanına al,llevar,خذ معك,mitnehmen,,verb,,,Nehmen wir meine Schwester ins Kino mit?,20
a1_0452,A1,die Mitte,the middle,orta,el medio,الوسط,die Mitte,die,noun,,,Der Lehrer steht in der Mitte des Klassenzimmers.,20
a1_0453,A1,die Möbel (pl.),the furniture (pl.),mobilyalar (pl.),los muebles (pl.),الأثاث (ر.),die Möbel (pl.),die,noun,,,Sind die Möbel neu?,20
a1_0454,A1,möchten,want,istek,desear,يريد,möchten,,verb,,,Was möchten Sie trinken?,20
a1_0455,A1,mögen,like,beğenmek,como,يحب,mögen,,verb,,,Magst du Kaffee oder Tee?,20
a1_0456,A1,möglich,possible,olası,posible,ممكن,möglich,,adjective,,,Mit dieser Fahrkarte ist die Fahrt ab 9 Uhr möglich.,20
a1_0457,A1,der Moment,the moment,an,el momento,اللحظة,der Moment,der,noun,,,Moment mal bitte! || Einen Moment bitte.,20
a1_0458,A1,morgen,morning,Sabah,mañana,صباح,morgen,,verb,,,Morgen beginnt die Schule um 10 Uhr.,20
a1_0459,A1,müde,tired,yorgun,cansado,مرهق,müde,,word,,,Ich bin müde. || Ich gehe schlafen.,20
a1_0460,A1,der Mund,the mouth,ağız,la boca,الفم,der Mund,der,noun,,,Öffnen Sie den Mund.,20
a1_0461,A1,müssen,must,mutlak,debe,يجب,müssen,,verb,,,Ich muss jeden Tag von 8 Uhr bis 18 Uhr arbeiten.,20
a1_0462,A1,"die Mutter, -ü","the mother, -ü","anne, -ü","la madre, -ü",الأم، -ü,"die Mutter, -ü",die,noun,-ü,,Frau Berghäuser ist die Mutter von Michaela.,20
a1_0463,A1,nach,after,sonrasında,después,بعد,nach,,preposition,,,Ich gehe jetzt nach Hause. || Ich fliege nach München. || Es ist schon 5 nach 12.,20
a1_0464,A1,nächst-,nächst-,Sonraki-,próximo-,التالي-,nächst-,,word,,,Sehen wir uns nächste Woche?,20
a1_0465,A1,"der Name, -n","the name, -n","isim, -n","el nombre, -n",الاسم، -ن,"der Name, -n",der,noun,-n,,Mein Name ist Thomas Schmidt. || Mein Vorname ist Thomas; Schmidt ist der Familienname.,20
a1_0466,A1,nehmen,take,almak,llevar,يأخذ,nehmen,,verb,,,Heute gibt es Hähnchen. || Das nehme ich. || Ich nehme den Bus.,20
a1_0467,A1,nein,no,HAYIR,No,لا,nein,,word,,,"Fährst du auch nach München? || – Nein, ich habe keine Zeit.",20
a1_0468,A1,neu,new,yeni,nuevo,جديد,neu,,word,,,Ich bin der neue Kollege. || Wir haben eine neue Wohnung.,20
a1_0469,A1,nicht,not,Olumsuz,no,لا,nicht,,word,,,"Das stimmt nicht. || Das ist doch schön, nicht?",20
a1_0470,A1,nichts,nothing,Hiçbir şey,nada,لا شئ,nichts,,word,,,Das macht nichts. || Hier kaufe ich nichts. || Der Laden gefällt mir nicht.,20
a1_0471,A1,213082_20_SV,213082_20_SV,213082_20_SV,213082_20_SV,213082_20_SV,213082_20_SV,,other,,,,20
a1_0472,A1,nie,never,Asla,nunca,أبداً,nie,,adverb,,,Er kommt nie pünktlich.,20
a1_0473,A1,noch,still,Hala,aún,ما زال,noch,,word,,,Vielleicht kommt er noch. || Wir warten noch fünf Minuten. || Ich habe noch 20 Euro.,21
a1_0474,A1,normal,normal,normal,normal,طبيعي,normal,,word,,,75 kg. || Sein Gewicht ist normal.,21
a1_0475,A1,"die Nummer, -n","the number, -n","sayı, -n","el número, -n",الرقم، -ن,"die Nummer, -n",die,noun,-n,,Sie haben Zimmer Nummer zwölf. || Welche Hausnummer haben Sie? || Können Sie mir Ihre Nummer geben?,21
a1_0476,A1,nur,only,sadece,solo,فقط,nur,,word,,,Ich möchte nur ein Glas Wasser.,21
a1_0477,A1,o,O,O,oh,يا,o,,word,,,,21
a1_0478,A1,oben,above,üstünde,arriba,فوق,oben,,verb,,,Ich wohne oben.,21
a1_0479,A1,das Obst,the fruit,meyve,la fruta,الفاكهة,das Obst,das,noun,,,Im Sommer ist das Obst billig.,21
a1_0480,A1,oder,or,veya,o,أو,oder,,conjunction,,,Wann können Sie kommen – heute oder morgen?,21
a1_0481,A1,öffnen,open,açık,abierto,يفتح,öffnen,,verb,,,Ich öffne die Tür.,21
a1_0482,A1,geöffnet,open,açık,abierto,يفتح,geöffnet,,word,,,Der Laden ist samstags bis 16.00 Uhr geöffnet.,21
a1_0483,A1,oft,often,sıklıkla,a menudo,غالباً,oft,,adverb,,,Petra treffe ich oft.,21
a1_0484,A1,ohne,without,olmadan,sin,بدون,ohne,,preposition,,,Ohne Geld kann er nichts kaufen.,21
a1_0485,A1,das Öl,the oil,yağ,el aceite,الزيت,das Öl,das,noun,,,Den Salat machen wir ohne Öl.,21
a1_0486,A1,"die Oma, -s","die Oma, -s","büyükanne, -s","la abuela, -s",الجدة، -س,"die Oma, -s",die,noun,-s,,Meine Oma ist schon tot.,21
a1_0487,A1,"der Opa, -s","the grandfather, -s","büyükbaba, -s","el abuelo, -s",الجد، -س,"der Opa, -s",der,noun,-s,,Mein Opa heißt Hans.,21
a1_0488,A1,die Ordnung,the order,sipariş,la orden,النظام,die Ordnung,die,noun,,,Das ist in Ordnung.,21
a1_0489,A1,"der Ort, -e","der Ort, -e","yer, -e","el lugar, -e",المكان -ه,"der Ort, -e",der,noun,-e,,Der Ort liegt am Meer.,21
a1_0490,A1,das Papier,the paper,kağıt,el papel,الورقة,das Papier,das,noun,,,Hier sind Papier und Bleistift.,21
a1_0491,A1,die Papiere (pl.),the papers (pl.),gazeteler (pl.),los papeles (pl.),الأوراق (ر.),die Papiere (pl.),die,noun,,,Haben Sie Ihre Papiere dabei?,21
a1_0492,A1,"der Partner, -/","the partner, -/","ortak, -/","el socio, -/",الشريك -/,"der Partner, -/",der,noun,-/,,,21
a1_0493,A1,"die Partnerin, -nen","the partner, -nen","ortak, -nen","el socio, -nen",الشريك، -نين,"die Partnerin, -nen",die,noun,-nen,,Sie ist meine Partnerin.,21
a1_0494,A1,die Party,the party,parti,la fiesta,الحفلة,die Party,die,noun,,,Heute Abend machen wir eine Party.,21
a1_0495,A1,"der Pass, -ä, e","the passport, -ä, e","pasaport, -ä, e","el pasaporte, -ä, e",جواز السفر، -أ، ه,"der Pass, -ä, e",der,noun,"-ä, e",,Im Hotel brauchst du deinen Pass.,21
a1_0496,A1,"die Pause, -n","the break, -n","mola, -n","el descanso, -n",الاستراحة، -ن,"die Pause, -n",die,noun,-n,,Von 12.00 bis 12.30 Uhr haben wir Mittagspause.,21
a1_0497,A1,"der Plan, -ä, e","the plan, -ä, e","plan, -ä, e","el plan, -ä, e",الخطة، -ä، e,"der Plan, -ä, e",der,noun,"-ä, e",,Ich kaufe mir einen Stadtplan.,21
a1_0498,A1,"der Platz, -ä, e","the place, -ä, e","yer, -ä, e","el lugar, -ä, e",المكان، -ä، ه,"der Platz, -ä, e",der,noun,"-ä, e",,"Tut mir leid, der Platz ist besetzt. || Bitte nehmen Sie Platz! || Ich wohne Messeplatz 5.",21
a1_0499,A1,die Polizei,the police,polis,la policia,الشرطة,die Polizei,die,noun,,,Holen Sie die Polizei!,21
a1_0500,A1,die Pommes frites,the french fries,patates kızartması,las papas fritas,البطاطس المقلية,die Pommes frites,die,noun,,,(pl.) Die Kinder essen Hähnchen mit Pommes frites.,21
a1_0501,A1,die Post,the post,gönderi,la publicación,هذا المنصب,die Post,die,noun,,,"Wo ist die Post, bitte? || Ist Post da?",21
a1_0502,A1,die Postleitzahl,the zip code,posta kodu,el código postal,الرمز البريدي,die Postleitzahl,die,noun,,,Wie ist Ihre Postleitzahl?,21
a1_0503,A1,das Praktikum,the internship,staj,la pasantía,التدريب,das Praktikum,das,noun,,,Ich mache ein Praktikum bei Siemens.,21
a1_0504,A1,die Praxis,the practice,pratik,la practica,هذه الممارسة,die Praxis,die,noun,,,Die Praxis ist ab acht Uhr geöffnet.,21
a1_0505,A1,"der Preis, -e","the price, -e","fiyat, -e","el precio, -e",السعر -ه,"der Preis, -e",der,noun,-e,,Die Preise sind hoch.,21
a1_0506,A1,"das Problem, -e","the problem, -e","sorun, -e","el problema, -e",المشكلة، -ه,"das Problem, -e",das,noun,-e,,Mein Problem ist die Sprache.,21
a1_0507,A1,"der Prospekt, -e","the prospectus, -e","izahname, -e","el prospecto, -e",نشرة الإصدار، -ه,"der Prospekt, -e",der,noun,-e,,Bitte schicken Sie mir einen Prospekt von Ihrem Hotel.,21
a1_0508,A1,die Prüfung,the exam,sınav,el examen,الامتحان,die Prüfung,die,noun,,,Die Prüfung ist am Montag um 8.00 Uhr.,21
a1_0509,A1,pünktlich,on time,zamanında,a tiempo,في الوقت المحدد,pünktlich,,adjective,,,Der Bus fährt pünktlich um acht Uhr. || Herr Müller ist immer pünktlich.,21
a1_0510,A1,213082_20_SV,213082_20_SV,213082_20_SV,213082_20_SV,213082_20_SV,213082_20_SV,,other,,,,21
a1_0511,A1,r,r,R,r,ص,r,,word,,,,22
a1_0512,A1,Rad fahren,ride a bike,bisiklet sürmek,andar en bicicleta,ركوب الدراجة,Rad fahren,,noun,,,Das Kind kann schon Rad fahren.,22
a1_0513,A1,rauchen,smoke,duman,fumar,دخان,rauchen,,verb,,,Ich rauche nicht.,22
a1_0514,A1,"der Raum, -ä, e","the space, -ä, e","boşluk, -ä, e","el espacio, -ä, e",المساحة، -ä، e,"der Raum, -ä, e",der,noun,"-ä, e",,Der Unterricht ist in Raum 332.,22
a1_0515,A1,"die Rechnung, -en","the bill, -en","fatura, -tr","la factura, -es",الفاتورة، -en,"die Rechnung, -en",die,noun,-en,,"Die Rechnung, bitte.",22
a1_0516,A1,rechts,right,Sağ,bien,يمين,rechts,,word,,,Die Schillerstraße ist hier rechts.,22
a1_0517,A1,regnen,rain,yağmur,lluvia,مطر,regnen,,verb,,,Heute regnet es.,22
a1_0518,A1,der Regen,the rain,yağmur,la lluvia,المطر,der Regen,der,noun,,,Bei diesem Regen gehe ich nicht raus.,22
a1_0519,A1,der Reis,the rice,pirinç,el arroz,الأرز,der Reis,der,noun,,,Ich esse gern Reis.,22
a1_0520,A1,reisen,travel,seyahat,viajar,يسافر,reisen,,verb,,,Ich reise gern.,22
a1_0521,A1,die Reise,the trip,yolculuk,el viaje,الرحلة,die Reise,die,noun,,,Wir machen eine Reise nach Österreich.,22
a1_0522,A1,"das Reisebüro, -s","the travel agency, -s","seyahat acentası, -s","la agencia de viajes, -s",وكالة السفر، -s,"das Reisebüro, -s",das,noun,-s,,Mein Mann arbeitet im Reisebüro.,22
a1_0523,A1,der Reiseführer,the travel guide,seyahat rehberi,la guía de viaje,دليل السفر,der Reiseführer,der,noun,,,Ich kaufe mir einen Reiseführer von Berlin. || Unser Reiseführer heißt Peter.,22
a1_0524,A1,reparieren,repair,tamirat,reparar,بصلح,reparieren,,verb,,,Er hat das Fahrrad repariert.,22
a1_0525,A1,die Reparatur,the repair,onarım,la reparacion,الإصلاح,die Reparatur,die,noun,,,Die Reparatur ist sehr teuer.,22
a1_0526,A1,"das Restaurant, -s","the restaurant, -s","restoran, -s","el restaurante, -s",المطعم -س,"das Restaurant, -s",das,noun,-s,,Wir essen heute in einem Restaurant.,22
a1_0527,A1,die Rezeption,the reception,resepsiyon,la recepción,الاستقبال,die Rezeption,die,noun,,,Fragen Sie bitte im Hotel an der Rezeption.,22
a1_0528,A1,richtig,correct,doğru,correcto,صحيح,richtig,,adjective,,,Habe ich das richtig verstanden? || Das ist richtig.,22
a1_0529,A1,riechen,smell,koku,oler,يشم,riechen,,verb,,,Dieser Wein riecht gut.,22
a1_0530,A1,ruhig,quiet,sessizlik,tranquilo,هادئ,ruhig,,adjective,,,Ich möchte ein ruhiges Zimmer.,22
a1_0531,A1,s,s,S,s,ق,s,,word,,,,22
a1_0532,A1,der Saft,the juice,meyve suyu,el jugo,العصير,der Saft,der,noun,,,Möchtest du einen Apfelsaft?,22
a1_0533,A1,sagen,say,söylemek,decir,يقول,sagen,,verb,,,"Sag mal, wie geht es dir denn?",22
a1_0534,A1,der Salat,the salad,salata,la ensalada,السلطة,der Salat,der,noun,,,Wie schmeckt dir der Salat?,22
a1_0535,A1,das Salz,the salt,tuz,la sal,الملح,das Salz,das,noun,,,"Herr Ober, kann ich bitte Salz haben?",22
a1_0536,A1,"Satz, -ä, e","Sentence, -ä, e","Cümle, -ä, e","Oración, -ä, e",الجملة، -ä، ه,"Satz, -ä, e",,noun,,,Dieser Satz ist sehr einfach.,22
a1_0537,A1,die S-Bahn,the S-Bahn,S-Bahn,el S-Bahn,S-Bahn,die S-Bahn,die,noun,,,Ich nehme lieber die S-Bahn.,22
a1_0538,A1,der Schalter,the desk,masa,el escritorio,المكتب,der Schalter,der,noun,,,Gehen Sie bitte zum Schalter drei!,22
a1_0539,A1,scheinen,seem,gözükmek,parecer,يبدو,scheinen,,verb,,,Die Sonne scheint.,22
a1_0540,A1,schicken,send,Göndermek,enviar,يرسل,schicken,,verb,,,Bitte schicken Sie mir eine E-Mail.,22
a1_0541,A1,"das Schild, -er","the sign, -er","işareti, -er","el signo, -er",العلامة، -إيه,"das Schild, -er",das,noun,-er,,Haben Sie nicht das Schild gesehen?,22
a1_0542,A1,"der Schinken, –","the ham, -","jambon, -","el jamón, -",لحم الخنزير، -,"der Schinken, –",der,noun,–,,Ich möchte gern ein Schinkenbrot.,22
a1_0543,A1,schlafen,sleep,uyumak,dormir,ينام,schlafen,,verb,,,Ich schlafe meistens acht Stunden.,22
a1_0544,A1,schlecht,bad,kötü,malo,سيء,schlecht,,word,,,Mir ist schlecht! || Sie sehen schlecht aus. || Wir haben schlechtes Wetter.,22
a1_0545,A1,schließen,close,kapalı,cerca,يغلق,schließen,,verb,,,"Bitte, schließen Sie die Tür.",22
a1_0546,A1,geschlossen,closed,kapalı,cerrado,مغلق,geschlossen,,verb,,,Die Bank hat am Samstag geschlossen.,22
a1_0547,A1,der Schluss,the conclusion,sonuç,la conclusión,الاستنتاج,der Schluss,der,noun,,,Ich muss jetzt Schluss machen. || Zum Schluss gibt er uns allen die Hand.,22
a1_0548,A1,"der Schlüssel, –","the key, -","anahtar, -","la clave, -",المفتاح، -,"der Schlüssel, –",der,noun,–,,Ich gebe Ihnen noch den Zimmerschlüssel.,22
a1_0549,A1,schmecken,taste good,tadı güzel,sabe bien,طعم جيد,schmecken,,verb,,,Schmeckt das gut?,22
a1_0550,A1,schnell,fast,hızlı,rápido,سريع,schnell,,word,,,Er fährt schnell.,22
a1_0551,A1,schon,already,çoktan,ya,بالفعل,schon,,adverb,,,Ist das Essen schon fertig?,22
a1_0552,A1,schön,nice,Güzel,lindo,لطيف - جيد,schön,,word,,,Schönen Urlaub! || Das ist sehr schön.,22
a1_0553,A1,"der Schrank, -ä, e","the closet, -ä, e","dolap, -ä, e","el armario, -ä, e",الخزانة، -ä، e,"der Schrank, -ä, e",der,noun,"-ä, e",,Die Gläser stehen im Schrank.,22
a1_0554,A1,213082_20_SV,213082_20_SV,213082_20_SV,213082_20_SV,213082_20_SV,213082_20_SV,,other,,,,22
a1_0555,A1,schreiben,write,yazmak,escribir,يكتب,schreiben,,verb,,,Er schreibt jeden Tag fünfzig E-Mails.,22
a1_0556,A1,"der Schuh, -e","the shoe, -e","ayakkabı, -e","el zapato, -e",الحذاء، -ه,"der Schuh, -e",der,noun,-e,,Zieh die Schuhe aus!,23
a1_0557,A1,die Schule,the school,okul,la escuela,المدرسة,die Schule,die,noun,,,Meine Tochter geht schon in die Schule. || Die Schule ist gleich hier um die Ecke.,23
a1_0558,A1,"der Schüler, –","the student, -","öğrenci, -","el estudiante, -",الطالب، -,"der Schüler, –",der,noun,–,,In meinem Kurs sind acht Schülerinnen und fünf Schüler.,23
a1_0559,A1,schwer,difficult,zor,difícil,صعب,schwer,,word,,,Ist Ihr Gepäck sehr schwer? || Das ist eine schwere Arbeit.,23
a1_0560,A1,"die Schwester, -n","the sister, -n","kız kardeş, -n","la hermana, -n",الأخت، -ن,"die Schwester, -n",die,noun,-n,,Meine Schwester kommt am Dienstag.,23
a1_0561,A1,schwimmen,to swim,yüzmek,nadar,للسباحة,schwimmen,,verb,,,Ich schwimme jeden Tag einen Kilometer.,23
a1_0562,A1,das Schwimmbad,the swimming pool,yüzme havuzu,la piscina,حمام السباحة,das Schwimmbad,das,noun,,,Kommst du mit ins Schwimmbad?,23
a1_0563,A1,der See,the lake,göl,el lago,البحيرة,der See,der,noun,,,"Komm, wir fahren zum Starnberger See.",23
a1_0564,A1,sehen,see,Görmek,ver,يرى,sehen,,verb,,,Ich kann dich nicht sehen. || Ich habe diesen Jungen schon einmal gesehen.,23
a1_0565,A1,"die Sehenswürdigkeit,",the sight,görüş,la vista,البصر,"die Sehenswürdigkeit,",die,noun,,,-en Welche Sehenswürdigkeiten gibt es in Frankfurt?,23
a1_0566,A1,sehr,very,çok,muy,جداً,sehr,,adverb,,,Danke sehr! || Das ist sehr schwer.,23
a1_0567,A1,sein,sein,olmak,ser,يكون,sein,,word,,,Herr Müller ist in seinem Zimmer. || Mir ist kalt. || Ich bin dreiundzwanzig.,23
a1_0568,A1,an sein,be on,açık olmak,estar encendido,يكون على,an sein,,preposition,,,Das Licht ist noch an.,23
a1_0569,A1,auf sein,to be up,uyanık olmak,estar arriba,ليكون يصل,auf sein,,preposition,,,Das Fenster ist noch auf.,23
a1_0570,A1,weg sein,be away,uzakta olmak,estar lejos,كن بعيدا,weg sein,,word,,,Herr Meier ist schon weg.,23
a1_0571,A1,zu sein,to be,olmak,ser,يكون,zu sein,,preposition,,,Die Tür ist zu.,23
a1_0572,A1,seit,since,o zamandan beri,desde,منذ,seit,,preposition,,,Ich wohne seit drei Jahren in Köln.,23
a1_0573,A1,selbstständig,self-employed,serbest meslek,Trabajadores por cuenta propia,العاملون لحسابهم الخاص,selbstständig,,adjective,,,Er ist selbstständig.,23
a1_0574,A1,sich,itself,kendisi,sí mismo,نفسها,sich,,word,,,Sie müssen sich erst anmelden.,23
a1_0575,A1,sie,she,o,ella,هي,sie,,word,,,Wie heißt sie?,23
a1_0576,A1,Sie,She,O,Ella,هي,Sie,,noun,,,"Wie heißen Sie, bitte?",23
a1_0577,A1,sitzen,sit,oturmak,sentarse,يجلس,sitzen,,verb,,,Wo sitzen Sie?,23
a1_0578,A1,so,so,Bu yüzden,entonces,لذا,so,,word,,,"Sie müssen das so machen! || Fahren Sie bitte nicht so schnell! || Meine Frau ist so groß wie ich. || So, das war‘s/wär‘s!",23
a1_0579,A1,das Sofa,the sofa,kanepe,el sofá,الأريكة,das Sofa,das,noun,,,Das Sofa ist neu.,23
a1_0580,A1,sofort,immediately,hemen,inmediatamente,في الحال,sofort,,word,,,Bitte antworten Sie sofort.,23
a1_0581,A1,"der Sohn, -ö, e","the son, -ö, e","oğul, -ö, e","el hijo, -ö, e",الابن، -ö، ه,"der Sohn, -ö, e",der,noun,"-ö, e",,"Das ist Hans, mein Sohn.",23
a1_0582,A1,sollen,should,yapmalı,debería,يجب,sollen,,verb,,,Soll ich kommen? || Was soll ich mitbringen?,23
a1_0583,A1,die Sonne,the sun,güneş,el sol,الشمس,die Sonne,die,noun,,,Die Sonne scheint.,23
a1_0584,A1,spät,late,geç,tarde,متأخر,spät,,word,,,"Es ist schon spät, ich muss gehen.",23
a1_0585,A1,später,later,Daha sonra,más tarde,لاحقاً,später,,word,,,Das können wir später machen.,23
a1_0586,A1,die Speisekarte,the menu,menü,el menú,القائمة,die Speisekarte,die,noun,,,"Bringen Sie mir die Speisekarte, bitte.",23
a1_0587,A1,spielen,play,oynamak,jugar,يلعب,spielen,,verb,,,Die Kinder spielen draußen. || Spielen Sie Karten?,23
a1_0588,A1,der Sport,the sport,spor,el deporte,الرياضة,der Sport,der,noun,,,Ich mache viel Sport.,23
a1_0589,A1,"die Sprache, -n",the languages,diller,los idiomas,اللغات,"die Sprache, -n",die,noun,-n,,Welche Sprachen sprichst du?,23
a1_0590,A1,sprechen,speak,konuşmak,hablar,يتكلم,sprechen,,verb,,,Kann ich (mit) Herrn Klein sprechen?,23
a1_0591,A1,"die Stadt, -ä, e","the city, -ä, e","şehir, -ä, e","la ciudad, -ä, e",المدينة، -ä، ه,"die Stadt, -ä, e",die,noun,"-ä, e",,Heidelberg ist eine alte Stadt.,23
a1_0592,A1,stehen,stand,durmak,pararse,يقف,stehen,,verb,,,"Ich glaube es nicht, aber es steht in der Zeitung. || Der Bus steht schon an der Haltestelle.",23
a1_0593,A1,213082_20_SV,213082_20_SV,213082_20_SV,213082_20_SV,213082_20_SV,213082_20_SV,,other,,,,23
a1_0594,A1,"die Stelle, -n","the place, -n","yer, -n","el lugar, -n",المكان -ن,"die Stelle, -n",die,noun,-n,,Ich habe eine neue Stelle.,23
a1_0595,A1,stellen,place,yer,lugar,مكان,stellen,,verb,,,Stell die Tasche rechts in die Ecke!,24
a1_0596,A1,der Stock,the stick,sopa,el palo,العصا,der Stock,der,noun,,,Unsere Wohnung liegt im ersten Stock.,24
a1_0597,A1,"die Straße, -n","the street, -n","sokak, -n","la calle, -n",الشارع، -ن,"die Straße, -n",die,noun,-n,,In welcher Straße wohnen Sie?,24
a1_0598,A1,die Straßenbahn,the tram,tramvay,el tranvía,الترام,die Straßenbahn,die,noun,,,Wo fährt die Straßenbahn ab?,24
a1_0599,A1,studieren,study,çalışmak,estudiar,يذاكر,studieren,,verb,,,Ich studiere in Mainz.,24
a1_0600,A1,das Studium,the study,çalışma,el estudio,الدراسة,das Studium,das,noun,,,Das Studium beginnt im Oktober.,24
a1_0601,A1,"der Student, -en","the student, -en","öğrenci, -tr","el estudiante, -es",الطالب، -en,"der Student, -en",der,noun,-en,,Ich bin Studentin.,24
a1_0602,A1,"die Stunde, -n","the hour, -n","saat, -n","la hora, -n",الساعة، -ن,"die Stunde, -n",die,noun,-n,,Ich bin in einer Stunde zurück.,24
a1_0603,A1,suchen,seek,aramak,buscar,يطلب,suchen,,verb,,,Suchst du etwas?,24
a1_0604,A1,tanzen,dance,tanzen,bailar,رقص,tanzen,,verb,,,Tanzen Sie gern?,24
a1_0605,A1,"die Tasche, -n","the bag, -n","çanta, -n","la bolsa, -n",الحقيبة، -ن,"die Tasche, -n",die,noun,-n,,Ich habe die Schlüssel in der Tasche.,24
a1_0606,A1,"das Taxi, -s","the taxi, -s","taksi, -s","el taxi, -s",سيارة الأجرة، -s,"das Taxi, -s",das,noun,-s,,Es gibt heute keinen Bus mehr. || Er fährt mit dem Taxi.,24
a1_0607,A1,der Tee,the tea,çay,el te,الشاي,der Tee,der,noun,,,Ich trinke morgens immer Tee.,24
a1_0608,A1,"der Teil, -e","the part, -e","kısım, -e","la parte, -e",الجزء، -ه,"der Teil, -e",der,noun,-e,,Lies bitte auch den zweiten Teil.,24
a1_0609,A1,telefonieren,make a phone call,telefon görüşmesi yapmak,hacer una llamada telefónica,إجراء مكالمة هاتفية,telefonieren,,verb,,,Darf ich mal telefonieren?,24
a1_0610,A1,das Telefon,the phone,telefon,el telefono,الهاتف,das Telefon,das,noun,,,Haben Sie Telefon?,24
a1_0611,A1,"der Termin, -e","der Termin, -e","randevu, -e","la cita, -e",التعيين، -ه,"der Termin, -e",der,noun,-e,,Am besten machen wir sofort einen Termin.,24
a1_0612,A1,der Test,the test,test,la prueba,الاختبار,der Test,der,noun,,,Der Test war einfach.,24
a1_0613,A1,teuer,expensive,masraflı,caro,غالي,teuer,,word,,,Das ist mir zu teuer.,24
a1_0614,A1,"der Text, -e","the text, -e","metin, -e","el texto, -e",النص، -ه,"der Text, -e",der,noun,-e,,Lesen Sie bitte diesen Text.,24
a1_0615,A1,das Thema,the topic,konu,el tema,الموضوع,das Thema,das,noun,,,Wir sprechen heute über das Thema „Essen und Trinken“.,24
a1_0616,A1,"das Ticket, -s","the ticket, -s","bilet, -s","el billete, -s",التذكرة، -s,"das Ticket, -s",das,noun,-s,,Wie viel kostet das Ticket?,24
a1_0617,A1,"der Tisch, -e","the table, -e","tablo, -e","la mesa, -e",الجدول، -ه,"der Tisch, -e",der,noun,-e,,Die Fotos liegen auf dem Tisch.,24
a1_0618,A1,"die Tochter, -ö","the daughter, -ö","kızı, -ö","la hija, -ö",الابنة -ö,"die Tochter, -ö",die,noun,-ö,,Das ist meine Tochter Katharina.,24
a1_0619,A1,"die Toilette, -en","the toilet, -en","tuvalet, -tr","el baño, -es",المرحاض، -en,"die Toilette, -en",die,noun,-en,,"Wo ist die Toilette, bitte?",24
a1_0620,A1,"die Tomate, -n","the tomato, -n","domates, -n","el tomate, -n",الطماطم، -ن,"die Tomate, -n",die,noun,-n,,Die Tomate ist noch grün.,24
a1_0621,A1,tot,dead,ölü,muerto,ميت,tot,,word,,,Sein Vater ist schon lange tot.,24
a1_0622,A1,(sich) treffen,(meet,(tanışmak,(encontrarse,(يقابل,(sich) treffen,,verb,,,Ich treffe in der Stadt einen Kollegen. || Wir treffen uns immer freitags.,24
a1_0623,A1,"die Treppe, -n","the stairs, -n","merdivenler, -n","las escaleras, -n",الدرج، -ن,"die Treppe, -n",die,noun,-n,,Die Toilette? || Die Treppe hoch und dann links.,24
a1_0624,A1,trinken,drink,içmek,beber,شرب,trinken,,verb,,,Möchtest du etwas trinken?,24
a1_0625,A1,tschüss,bye,güle güle,adiós,الوداع,tschüss,,word,,,Junge Leute sagen meistens „tschüss!“ und nicht „auf Wiedersehen“.,24
a1_0626,A1,tun,do,Yapmak,hacer,يفعل,tun,,word,,,Ich habe noch etwas zu tun. || Was tut Ihr Mann?,24
a1_0627,A1,u,u,sen,tu,ش,u,,word,,,,24
a1_0628,A1,über,above,üstünde,arriba,فوق,über,,preposition,,,Gehen Sie hier über die Straße. || Er wohnt im zweiten Stock über Familie Meier. || Sind Sie über 18?,24
a1_0629,A1,übernachten,stay overnight,geceyi geçirmek,pasar la noche,البقاء بين عشية وضحاها,übernachten,,verb,,,Du kannst bei mir übernachten.,24
a1_0630,A1,überweisen,transfer,aktarma,transferir,تحويل,überweisen,,verb,,,Sie können das Geld auch überweisen.,24
a1_0631,A1,die Uhr,the clock,saat,el reloj,الساعة,die Uhr,die,noun,,,Es ist vier Uhr.,24
a1_0632,A1,um,around,etrafında,alrededor,حول,um,,preposition,,,Er kommt um sieben Uhr. || Da kommt er gerade um die Ecke.,24
a1_0633,A1,umziehen,move,taşınmak,mover,يتحرك,umziehen,,verb,,,Nächsten Monat ziehen wir um.,24
a1_0634,A1,213082_20_SV,213082_20_SV,213082_20_SV,213082_20_SV,213082_20_SV,213082_20_SV,,other,,,,24
a1_0635,A1,und,and,Ve,y,و,und,,conjunction,,,Peter und Helmut sind meine Söhne.,24
a1_0636,A1,unser-,our-,bizim-,nuestro-,ملكنا-,unser-,,word,,,Das ist unsere Lehrerin.,25
a1_0637,A1,unten,below,altında,abajo,أقل,unten,,verb,,,Er wohnt ganz unten im Haus.,25
a1_0638,A1,unter,under,altında,bajo,تحت,unter,,preposition,,,Unter uns wohnt eine Familie mit drei Kindern.,25
a1_0639,A1,der Unterricht,the lesson,ders,la lección,الدرس,der Unterricht,der,noun,,,Wir haben Unterricht von 8.00 bis 12.00 Uhr.,25
a1_0640,A1,unterschreiben,sign,imza,firmar,لافتة,unterschreiben,,verb,,,Wo muss ich unterschreiben?,25
a1_0641,A1,die Unterschrift,the signature,imza,la firma,التوقيع,die Unterschrift,die,noun,,,Hier fehlt noch Ihre Unterschrift.,25
a1_0642,A1,der Urlaub,the holidays,tatiller,las vacaciones,العطلات,der Urlaub,der,noun,,,Ich nehme im September Urlaub.,25
a1_0643,A1,"der Vater, -ä","the father, -ä","baba, -ä","el padre, -ä",الأب، -أ,"der Vater, -ä",der,noun,-ä,,Mein Vater ist Arbeiter.,25
a1_0644,A1,verboten,forbidden,yasaklı,prohibido,مُحرَّم,verboten,,verb,,,Hier ist Rauchen verboten.,25
a1_0645,A1,verdienen,earn,para kazanmak,ganar,يكسب,verdienen,,verb,,,Ich verdiene 1.500 Euro im Monat.,25
a1_0646,A1,der Verein,the Union,Birlik,la unión,الاتحاد,der Verein,der,noun,,,Es gibt einen neuen Sportverein in der Stadt.,25
a1_0647,A1,verheiratet,married,evli,casado,متزوج,verheiratet,,word,,,Ich bin verheiratet und habe drei Kinder.,25
a1_0648,A1,verkaufen,sell,satmak,vender,يبيع,verkaufen,,verb,,,Er verkauft sein altes Auto.,25
a1_0649,A1,"der Verkäufer, –","the seller, -","satıcı, -","el vendedor, -",البائع، -,"der Verkäufer, –",der,noun,–,,Meine Mutter ist Verkäuferin im Kaufhaus.,25
a1_0650,A1,vermieten,rent,kira,alquilar,إيجار,vermieten,,verb,,,Die Wohnung ist schon vermietet.,25
a1_0651,A1,der Vermieter,the landlord,ev sahibi,el propietario,المالك,der Vermieter,der,noun,,,Unser Vermieter heißt Huber. || Er wohnt auch hier.,25
a1_0652,A1,verstehen,understand,anlamak,entender,يفهم,verstehen,,verb,,,Können Sie mich verstehen?,25
a1_0653,A1,"der Verwandte, -n","the relative, -n","akraba, -n","el relativo, -n",النسبي، -ن,"der Verwandte, -n",der,noun,-n,,Peter besucht seine Verwandten in Polen.,25
a1_0654,A1,viel,much,fazla,mucho,كثيراً,viel,,word,,,Hier regnet es viel.,25
a1_0655,A1,vielleicht,perhaps,belki,tal vez,ربما,vielleicht,,adverb,,,Ich komme vielleicht mit dem Bus.,25
a1_0656,A1,von,from,itibaren,de,من,von,,preposition,,,Das Auto von Felix ist kaputt. || Er kommt gerade von Köln/von zu Hause.,25
a1_0657,A1,vor,before,önce,antes,قبل,vor,,preposition,,,Der Termin war vor einer Stunde. || Das Auto steht vor der Tür.,25
a1_0658,A1,"der Vorname, -n","the first name, -n","ilk isim, -n","el nombre, -n",الاسم الأول، -ن,"der Vorname, -n",der,noun,-n,,"Ich heiße Müller, mein Vorname ist Eva.",25
a1_0659,A1,die Vorsicht,the caution,dikkat,la precaución,الحذر,die Vorsicht,die,noun,,,Vorsicht! || Da kommt ein Auto.,25
a1_0660,A1,(sich) vorstellen,(to) imagine,hayal etmek,(imaginar),(ل) تخيل,(sich) vorstellen,,verb,,,Wir wollen uns kennenlernen. || Können Sie sich bitte vorstellen?,25
a1_0661,A1,die Vorwahl,the area code,alan kodu,el código de área,رمز المنطقة,die Vorwahl,die,noun,,,Wie ist die Vorwahl von München?,25
a1_0662,A1,w,w,w,w,ث,w,,word,,,,25
a1_0663,A1,wandern,hike,yürüyüş,caminata,رفع,wandern,,verb,,,Wir wandern um den Chiemsee.,25
a1_0664,A1,wann,When,Ne zaman,Cuando,متى,wann,,word,,,Wann bist du fertig? || Wann kann ich Sie anrufen? || Wann sind Sie geboren?,25
a1_0665,A1,warten,wait,Beklemek,esperar,انتظر,warten,,verb,,,Können Sie ein paar Minuten warten? || Auf wen warten Sie?,25
a1_0666,A1,warum,Why,Neden,Por qué,لماذا,warum,,word,,,Warum kommt er nicht?,25
a1_0667,A1,was,What,Ne,Qué,ماذا,was,,word,,,Was ist das? || Was möchten Sie?,25
a1_0668,A1,was für ein,what a,ne,que,ما أ,was für ein,,word,,,Was für eine Farbe möchten Sie?,25
a1_0669,A1,(sich) waschen,(to wash one self,(kendini yıkamak,(lavarse uno mismo,( ليغتسل,(sich) waschen,,verb,,,Wo kann ich mir die Hände waschen? || Ich muss morgen waschen.,25
a1_0670,A1,das Wasser,the water,su,el agua,الماء,das Wasser,das,noun,,,"Ein Glas Wasser, bitte.",25
a1_0671,A1,weh tun,hurt,acıtmak,herir,يؤذي,weh tun,,word,,,Ich muss zum Arzt. || Mein Bein tut weh.,25
a1_0672,A1,weiblich,female,dişi,femenino,أنثى,weiblich,,adjective,,,Kreuzen Sie bitte an: „weiblich“ oder „männlich“.,25
a1_0673,A1,der Wein,the wine,şarap,el vino,النبيذ,der Wein,der,noun,,,"Nein danke, ich möchte keinen Wein.",25
a1_0674,A1,213082_20_SV,213082_20_SV,213082_20_SV,213082_20_SV,213082_20_SV,213082_20_SV,,other,,,,25
a1_0675,A1,weit,far,uzak,lejos,بعيد,weit,,word,,,Zum Bahnhof ist es nicht weit.,25
a1_0676,A1,weiter,further,daha öte,más,إضافي,weiter,,word,,,Der Bus fährt nicht weiter.,26
a1_0677,A1,welch-,which-,Hangi-,cual-,أيّ-,welch-,,word,,,Welches Buch möchtest du?,26
a1_0678,A1,die Welt,the world,die Welt,el mundo,العالم,die Welt,die,noun,,,Es gibt viele Probleme auf der Welt.,26
a1_0679,A1,wenig,few,bir kaç,pocos,عدد قليل,wenig,,adjective,,,Ich habe leider nur wenig verstanden. || Er verdient wenig.,26
a1_0680,A1,wer,who,DSÖ,OMS,من,wer,,word,,,Wer ist das?,26
a1_0681,A1,werden,become,haline gelmek,convertirse,يصبح,werden,,verb,,,Mein Sohn will Arzt werden.,26
a1_0682,A1,das Wetter,the weather,hava,El clima,الطقس,das Wetter,das,noun,,,Wir hatten schlechtes Wetter.,26
a1_0683,A1,wichtig,important,önemli,importante,مهم,wichtig,,adjective,,,Dieses Formular ist sehr wichtig.,26
a1_0684,A1,wie,How,Nasıl,Cómo,كيف,wie,,word,,,Wie heißt du? || Er schreibt wie ein Kind. || Meine Frau ist so groß wie ich. || Wie soll ich das machen? || Wie groß ist die Wohnung? || Wie bitte? || Wie lange bist du schon hier?,26
a1_0685,A1,wiederholen,repeat,tekrarlamak,repetir,يكرر,wiederholen,,verb,,,Können Sie das bitte wiederholen?,26
a1_0686,A1,das Wiederhören,the re-hearing,yeniden duruşma,la nueva audiencia,إعادة الاستماع,das Wiederhören,das,noun,,,Wir müssen jetzt Schluss machen. || Also auf Wiederhören!,26
a1_0687,A1,das Wiedersehen,the reunion,yeniden birleşme,la reunion,لم الشمل,das Wiedersehen,das,noun,,,Auf Wiedersehen!,26
a1_0688,A1,wie viel,how much,Ne kadar,cuánto,كم ثمن,wie viel,,word,,,Wie viel Milch nehmen Sie?,26
a1_0689,A1,willkommen,welcome,Hoş geldin,bienvenido,مرحباً,willkommen,,verb,,,Herzlich willkommen!,26
a1_0690,A1,der Wind,the wind,rüzgar,el viento,الريح,der Wind,der,noun,,,Der Wind kommt aus Osten.,26
a1_0691,A1,wir,we,Biz,nosotros,نحن,wir,,word,,,Wir lernen Deutsch.,26
a1_0692,A1,wissen,knowledge,bilgi,conocimiento,معرفة,wissen,,verb,,,"Weißt du, wie er heißt?",26
a1_0693,A1,wo,where,Neresi,dónde,أين,wo,,word,,,Wo waren Sie im Urlaub? || Wo ist die Post? || Wo sind Sie geboren?,26
a1_0694,A1,woher,from where,nereden,De donde,من أين,woher,,word,,,Woher kommen Sie?,26
a1_0695,A1,wohin,where,Neresi,dónde,أين,wohin,,word,,,Wohin fährt dieser Bus? || Wohin wollen Sie am Wochenende?,26
a1_0696,A1,wohnen,reside,ikamet etmek,residir,يقيم,wohnen,,verb,,,Ich wohne in München.,26
a1_0697,A1,"die Wohnung, -en","the apartment, -en","daire, -tr","el apartamento, -es",الشقة، -en,"die Wohnung, -en",die,noun,-en,,Seit wann haben Sie diese Wohnung?,26
a1_0698,A1,wollen,want,istek,desear,يريد,wollen,,verb,,,Wollen Sie einen Kaffee trinken?,26
a1_0699,A1,"das Wort, -ö, er/-e","the word, -ö, he/-e","kelime, -ö, o/-e","la palabra, -ö, él/-e",الكلمة، -ö، هو / -e,"das Wort, -ö, er/-e",das,noun,"-ö, er/-e",,Ich kenne das Wort nicht.,26
a1_0700,A1,wunderbar,wonderful,müthiş,maravilloso,رائع,wunderbar,,adjective,,,Das Essen schmeckt wunderbar.,26
a1_0701,A1,z,e.g,örneğin,p.ej,على سبيل المثال,z,,word,,,,26
a1_0702,A1,zahlen,pay,ödemek,pagar,يدفع,zahlen,,verb,,,"Zahlen, bitte!",26
a1_0703,A1,die Zeit,the time,zaman,el tiempo,الوقت,die Zeit,die,noun,,,Ich habe heute keine Zeit.,26
a1_0704,A1,zurzeit,currently,zurzeit,actualmente,حالياً,zurzeit,,word,,,Zurzeit habe ich sehr viel zu tun.,26
a1_0705,A1,"die Zeitung, -en","the newspaper, -en","gazete, -tr","el periódico, -es",الصحيفة، -en,"die Zeitung, -en",die,noun,-en,,Ich lese gern Zeitung.,26
a1_0706,A1,"die Zigarette, -n","the cigarette, -n","sigara, -n","el cigarrillo, -n",السيجارة، -ن,"die Zigarette, -n",die,noun,-n,,Wie teuer sind die Zigaretten?,26
a1_0707,A1,"das Zimmer, –","the room, -","oda, -","la habitación, -",الغرفة، -,"das Zimmer, –",das,noun,–,,"Das Zimmer ist groß. || Öffne im Schlafzimmer das Fenster, bitte! || Die Wohnung hat drei Zimmer. || Ich habe ein Zimmer bestellt.",26
a1_0708,A1,der Zoll,the customs,gümrükler,las costumbres,الجمارك,der Zoll,der,noun,,,Wir müssen noch durch den Zoll.,26
a1_0709,A1,zu,to,ile,a,ل,zu,,preposition,,,Der Bus fährt zum Bahnhof. || Ich gehe zu Fuß.,26
a1_0710,A1,213082_20_SV,213082_20_SV,213082_20_SV,213082_20_SV,213082_20_SV,213082_20_SV,,other,,,Ich bin zu Hause.,26
a1_0711,A1,zufrieden,satisfied,memnun,satisfecho,راضي,zufrieden,,verb,,,Ich bin mit der Wohnung zufrieden.,27
a1_0712,A1,"der Zug, -ü, e","the train, -ü, e","tren, -ü, e","el tren, -ü, e",القطار، -ü، ه,"der Zug, -ü, e",der,noun,"-ü, e",,Ich fahre gern mit dem Zug.,27
a1_0713,A1,zurück,back,geri,atrás,خلف,zurück,,word,,,Einmal Frankfurt und zurück. || Wann kommst du zurück?,27
a1_0714,A1,zusammen,together,birlikte,juntos,معاً,zusammen,,verb,,,Sollen wir zusammen essen gehen? || Das macht zusammen 2 Euro 80.,27
a1_0715,A1,zwischen,between,arasında,entre,بين,zwischen,,verb,,,Heidelberg liegt zwischen Frankfurt und Stuttgart. || Zwischen 8 und 10 Uhr bin ich zu Hause.,27
a1_0716,A1,213082_20_SV,213082_20_SV,213082_20_SV,213082_20_SV,213082_20_SV,213082_20_SV,,other,,,,27
a1_0717,A1,LITerATur,Literature,Edebiyat,Literatura,الأدب,LITerATur,,noun,,,,28
a1_0718,A1,ALTE Handbuch. Europäische,OLD manual. European,ESKİ kılavuz. Avrupa,Manual ANTIGUO. europeo,دليل قديم. الأوروبية,ALTE Handbuch. Europäische,,noun,,,"Sprachprüfungen und Prüfungsverfahren,",28
a1_0719,A1,Hg. Association of,Ed. Association of,Hg. Association of,Ed. Asociación de,إد. رابطة,Hg. Association of,,noun,,,"Language Testers in Europe. || Cambridge, 1998.",28
a1_0720,A1,Gemeinsamer europäischer,Common European,Ortak Avrupa,europeo común,الأوروبية المشتركة,Gemeinsamer europäischer,,noun,,,"Referenzrahmen für Sprachen: lernen, lehren, be-",28
a1_0721,A1,"urteilen, im Auftrag","judge, on behalf of",adına yargıç,"juez, en nombre de",القاضي نيابة عن,"urteilen, im Auftrag",,word,,,"des Europarats, Rat für kulturelle Zusammenarbeit, deut-",28
a1_0722,A1,sche Ausgabe Hg. Goethe-Institut,sche edition published by the Goethe Institute,Goethe Enstitüsü tarafından yayınlanan şema baskısı,edición che publicada por el Instituto Goethe,طبعة sche الصادرة عن معهد جوته,sche Ausgabe Hg. Goethe-Institut,,word,,,"Inter Nationes, der Ständigen Konferenz",28
a1_0723,A1,der Kultusminister,der Kultusminister,Eğitim Bakanı,el Ministro de Educación,وزير التربية والتعليم,der Kultusminister,der,noun,,,"der Länder in der Bundesrepublik Deutschland (KMK), der",28
a1_0724,A1,Schweizerischen Konferenz,Swiss conference,İsviçre konferansı,conferencia suiza,المؤتمر السويسري,Schweizerischen Konferenz,,noun,,,der Kantonalen Erziehungs direktoren (EDK) und,28
a1_0725,A1,dem österreichischen,the Austrian,Avusturyalı,el austriaco,النمساوي,dem österreichischen,,verb,,,"Bundesministerium für Bildung, Wissenschaft und Kul-",28
a1_0726,A1,"tur (BMBWK), München,","tur (BMBWK), Munich","tur (BMBWK), Münih","tur (BMBWK), Múnich",تور (BMBWK)، ميونيخ,"tur (BMBWK), München,",,word,,,,28
a1_0727,A1,Langenscheidt,Langenscheidt,Langenscheidt,Langenscheidt,لانجينشيدت,Langenscheidt 2001.,,noun,,,,28
a1_0728,A1,"Profile Deutsch. Lernzielbestimmungen,",Profiles German. Learning objective definitions,Profiller Almanca. Öğrenme hedefi tanımları,Perfiles alemanes. Definiciones de objetivos de aprendizaje,الملفات الشخصية الألمانية. تعريفات أهداف التعلم,"Profile Deutsch. Lernzielbestimmungen,",,noun,,,Kannbeschreibungen und kommu-,28
a1_0729,A1,nikative Mittel für,nicative means for,için güzel araçlar,medios nicativos para,وسائل أصلية ل,nikative Mittel für,,word,,,"die Niveaustufen A1, A2, B1 und B2 des „Gemeinsamen",28
a1_0730,A1,europäischen Referenzrahmens,European frame of reference,Avrupa referans çerçevesi,Marco de referencia europeo,الإطار المرجعي الأوروبي,europäischen Referenzrahmens,,word,,,"für Sprachen“ von Manuela Glaboniat, Martin",28
a1_0731,A1,"Müller, Paul Rusch,","Müller, Paul Rusch","Müller, Paul Rusch","Müller, Paul Rusch",مولر، بول روش,"Müller, Paul Rusch,",,noun,,,"Helen Schmitz, Lukas Wertenschlag, München, Langen-",28
a1_0732,A1,scheidt,separates,ayırır,coordinados,يفصل,scheidt 2002.,,word,,,,28
a1_0733,A1,Waystage. Systems,Waystage. systems,Yol aşaması. sistemler,Etapa. sistemas,الطريق. أنظمة,Waystage. Systems,,noun,,,development in adult language learning. || An intermediary,28
a1_0734,A1,objective below Threshold-Level,objective below threshold level,hedef eşik seviyesinin altında,objetivo por debajo del nivel umbral,الهدف تحت مستوى العتبة,objective below Threshold-Level,,word,,,in a European unit/credit system for,28
a1_0735,A1,modern language learning,modern language learning,modern dil öğrenimi,aprendizaje de idiomas moderno,تعلم اللغة الحديثة,modern language learning,,word,,,"by adults, Hg. || J.A. van Ek, L.G. || Alexander in associ-",28
a1_0736,A1,"ation with M.A. Fitzpatrick,",ation with M.A. Fitzpatrick,"ation with M.A. Fitzpatrick,",colaboración con M.A. Fitzpatrick,مع M. A. فيتزباتريك,"ation with M.A. Fitzpatrick,",,word,,,"Strassburg, 1977.",28
a1_0737,A1,213082_20_SV,213082_20_SV,213082_20_SV,213082_20_SV,213082_20_SV,213082_20_SV,,other,,,,28
